VSTRANA;NAZEVCELK;NAZEV_STRV;ZKRATKAV30;ZKRATKAV8;POCSTR_SLO;SLOZENI;ZKRATKA_OF;TYPVS
1;"Křesťanská a demokratická unie - Československá strana lidová";"Křesťan.a demokrat.unie-Českosl.strana lidová";"Křesť.demokr.unie-Čs.str.lid.";"KDU-ČSL";1;"001";"KDU-ČSL";"S"
2;"Česká strana národně sociální";"Česká strana národně sociální";"Česká strana národně sociální";"ČSNS";1;"002";"ČSNS";"S"
5;"Strana zelených";"Strana zelených";"Strana zelených";"Zelení";1;"005";"Zelení";"S"
7;"Česká strana sociálně demokratická";"Česká strana sociálně demokratická";"Česká str.sociálně demokrat.";"ČSSD";1;"007";"ČSSD";"S"
9;"Nezávislá iniciativa (NEI)";"Nezávislá iniciativa (NEI)";"Nezávislá iniciativa (NEI)";"NEI";1;"009";"NEI";"S"
11;"Sdružení pro republiku-Republikánská strana Československa";"Sdružení pro republiku-Republikán.strana Českosl.";"Sdruž.pro rep.-Republ.str.Čsl.";"SPR-RSČ";1;"011";"SPR-RSČ";"S"
12;"Romská občanská iniciativa ČR";"Romská občanská iniciativa ČR";"Romská občanská iniciativa ČR";"ROI ČR";1;"012";"ROI ČR";"S"
13;"Občanská demokratická aliance";"Občanská demokratická aliance";"Občanská demokratická aliance";"ODA";1;"013";"";"S"
14;"Republikánská unie";"Republikánská unie";"Republikánská unie";"RU";1;"014";"";"S"
20;"Strana za životní jistoty";"Strana za životní jistoty";"Strana za životní jistoty";"SŽJ";1;"020";"";"S"
21;"Republikánská strana zemědělského a malorolnického lidu";"Republikán.str.zemědělského a malorolnického lidu";"Rep.str.zeměd.a maloroln.lidu";"RSZML";1;"021";"RSZML";"S"
22;"Agrární strana";"Agrární strana";"Agrární strana";"AS";1;"022";"";"S"
24;"Konzervativní strana";"Konzervativní strana";"Konzervativní strana";"KONS";1;"024";"KONS";"S"
25;"Celostátní aktiv občanů";"Celostátní aktiv občanů";"Celostátní aktiv občanů";"CAO";1;"025";"";"S"
28;"Demokratická strana Československa";"Demokratická strana Československa";"Demokratická strana Českoslov.";"DSČ";1;"028";"";"S"
29;"Strana svobodných demokratů";"Strana svobodných demokratů";"Strana svobodných demokratů";"SSD";1;"029";"SSD";"S"
32;"Českomoravská unie středu";"Českomoravská unie středu";"Českomoravská unie středu";"ČMUS";1;"032";"";"S"
34;"Strana moravského venkova";"Strana moravského venkova";"Strana moravského venkova";"SMV";1;"034";"";"S"
39;"Levá alternativa - hnutí za demokratický a samosprávný socialismus";"Levá alternativa-hnutí za demokrat.a samospr.soc.";"Levá alternativa";"LA";1;"039";"";"S"
40;"Klub angažovaných nestraníků";"Klub angažovaných nestraníků";"Klub angažovaných nestraníků";"KAN";1;"040";"KAN";"S"
41;"Asociace Radikálů za Spojené státy evropské";"Asociace Radikálů za Spojené státy evropské";"Asociace Radik.za Sp.st.evrop.";"AR";1;"041";"";"S"
42;"Panevropská unie Čech a Moravy";"Panevropská unie Čech a Moravy";"Panevropská unie Čech a Moravy";"PEUČM";1;"042";"";"S"
43;"Pravá alternativa";"Pravá alternativa";"Pravá alternativa";"PA";1;"043";"";"S"
44;"Národně sociální strana - Československá strana národně socialistická";"Národně sociální str.-Českosl.strana nár.social.";"Národ.soc.str.-Čs.str.nár.soc.";"NSS-ČSNS";1;"044";"";"S"
45;"Strana drobných podnikatelů";"Strana drobných podnikatelů";"Strana drobných podnikatelů";"SDP";1;"045";"";"S"
46;"Moravská národní strana";"Moravská národní strana";"Moravská národní strana";"MNS";1;"046";"";"S"
47;"Komunistická strana Čech a Moravy";"Komunistická strana Čech a Moravy";"Komunistická str.Čech a Moravy";"KSČM";1;"047";"KSČM";"S"
48;"Hnutí 90";"Hnutí 90";"Hnutí 90";"H 90";1;"048";"";"S"
49;"Hnutí angažovaných Romů";"Hnutí angažovaných Romů";"Hnutí angažovaných Romů";"HAR";1;"049";"";"S"
51;"Národně demokratická strana";"Národně demokratická strana";"Národně demokratická strana";"NDS";1;"051";"NDS";"S"
53;"Občanská demokratická strana";"Občanská demokratická strana";"Občanská demokratická strana";"ODS";1;"053";"ODS";"S"
55;"Koruna Česká (monarchistická strana Čech, Moravy a Slezska)";"Koruna Česká (monarch.str.Čech, Moravy a Slezska)";"Koruna Česká (monarch.strana)";"KČ";1;"055";"KČ";"S"
58;"Česká národní strana";"Česká národní strana";"Česká národní strana";"ČNS";1;"058";"";"S"
59;"Strana zdravotně postižených, důchodců a sociálně slabých občanů";"Str.zdrav.postiž.,důchodců a sociálně slab.občanů";"Str.zdrav.postiž.,důch.,slab.";"SZP-DO";1;"059";"";"S"
60;"Hnutí za sociální spravedlnost";"Hnutí za sociální spravedlnost";"Hnutí za sociální spravedlnost";"HSS";1;"060";"";"S"
63;"Republikáni";"Republikáni";"Republikáni";"REP";1;"063";"";"S"
64;"Strana podnikatelů, živnostníků a rolníků České republiky";"Strana podnikatelů, živnostníků a rolníků ČR";"Str.podnikat.,živnost.,rolníků";"SPŽR";1;"064";"";"S"
65;"Demokraté 92";"Demokraté 92";"Demokraté 92";"D 92";1;"065";"";"S"
67;"Romský národní kongres";"Romský národní kongres";"Romský národní kongres";"RNK";1;"067";"";"S"
68;"Masarykova demokratická strana";"Masarykova demokratická strana";"Masarykova demokratická strana";"MDS";1;"068";"MDS";"S"
72;"COEXISTENTIA";"COEXISTENTIA";"COEXISTENTIA";"COEX";1;"072";"COEX";"S"
74;"Strana demokratického socialismu";"Strana demokratického socialismu";"Strana demokrat.socialismu";"SDS";1;"074";"SDS";"S"
76;"Československá strana socialistická";"Československá strana socialistická";"Českosl.strana socialistická";"ČSS";1;"076";"ČSS";"S"
77;"Česká pravice";"Česká pravice";"Česká pravice";"ČP";1;"077";"ČP";"S"
78;"Východoevropské národnostní politické hnutí v ČR";"Východoevropské národnostní politické hnutí v ČR";"Východoevr.národnost.pol.hnutí";"VENPH";1;"078";"";"S"
79;"Národní demokracie";"Národní demokracie";"Národní demokracie";"ND";1;"079";"ND";"S"
80;"Nezávislí kandidáti";"Nezávislí kandidáti";"Nezávislí kandidáti";"NK";1;"080";"nezávislí kandidáti";"N"
81;"Demokratická unie";"Demokratická unie";"Demokratická unie";"DEU";1;"081";"";"S"
82;"Moravská demokratická strana";"Moravská demokratická strana";"Moravská demokratická strana";"MoDS";1;"082";"";"S"
83;"Moravané";"Moravané";"Moravané";"Moravané";1;"083";"Moravané";"S"
84;"Hnutí za samosprávnou demokracii - Společnost pro Moravu a Slezsko";"Hnutí za samospr.dem.-Společn.pro Moravu a Slezsko";"Hn.za samospr.dem.-Sp.Mor.a Sl";"HSD-SMS";1;"084";"";"S"
85;"Pražané Praze";"Pražané Praze";"Pražané Praze";"PP";1;"085";"";"S"
86;"Iniciativa občanů";"Iniciativa občanů";"Iniciativa občanů";"IO";1;"086";"IO";"S"
88;"NEZÁVISLÍ";"NEZÁVISLÍ";"NEZÁVISLÍ";"NEZ";1;"088";"NEZ";"S"
90;"Sdružení nezávislých kandidátů - místní sdružení celkem";"Sdruž.nezávislých kandidátů-místní sdružení celkem";"Sdruž.nezáv.kand.-míst.celkem";"SNK-CELK";1;"080";"SNK-CELK";"M"
91;"Sdružení nezávislých kandidátů města České Budějovice";"Sdružení nezávislých kandidátů města Č.Budějovice";"Sdruž.nezáv.kand.města Č.Buděj";"SNK ČB";1;"091";"";"S"
92;"Živnostenská strana";"Živnostenská strana";"Živnostenská strana";"ŽS";1;"092";"";"S"
93;"Komunistická strana Československa";"Komunistická strana Československa";"Komunistická str.Českosloven.";"KSČ";1;"093";"KSČ";"S"
94;"Česká volba";"Česká volba";"Česká volba";"ČV";1;"094";"";"S"
95;"Mladí demokraté";"Mladí demokraté";"Mladí demokraté";"MD";1;"095";"";"S"
96;"Hnutí proti kriminalitě";"Hnutí proti kriminalitě";"Hnutí proti kriminalitě";"HPK";1;"096";"";"S"
98;"Volte Pravý Blok-stranu za ODVOLAT.polit.,NÍZKÉ daně,VYROVN.rozp.,MIN.byrokr.,SPRAV.just.,PŘÍMOU demokr. WWW.CIBULKA.NET";"Volte Pravý Blok www.cibulka.net";"Volte Pr.Blok www.cibulka.net";"PB";1;"098";"Volte Pravý Blok www.cibulka.net";"S"
99;"Bez politické příslušnosti";"Bez politické příslušnosti";"Bez politické příslušnosti";"BEZPP";1;"099";"bez politické příslušnosti";"S"
100;"Humanistická strana";"Humanistická strana";"Humanistická strana";"HS";1;"100";"HS";"S"
101;"Strana venkova - spojené občanské síly";"Strana venkova - spojené občanské síly";"Str.venkova-spoj.občan.síly";"SV SOS";1;"101";"SV SOS";"S"
102;"Unie svobody - Demokratická unie";"Unie svobody - Demokratická unie";"Unie svobody-Demokratická unie";"US-DEU";1;"102";"US-DEU";"S"
103;"Strana pro otevřenou společnost";"Strana pro otevřenou společnost";"Str.pro otevřenou společnost";"SOS";1;"103";"SOS";"S"
104;"Občanská koalice - Politický klub";"Občanská koalice - Politický klub";"Občanská koalice-Polit.klub";"OK";1;"104";"";"S"
105;"Strana konzervativní smlouvy";"Strana konzervativní smlouvy";"Strana konzervativní smlouvy";"SKS";1;"105";"";"S"
106;"Alternativa 2000";"Alternativa 2000";"Alternativa 2000";"A2000";1;"106";"";"S"
107;"Demokratická liga";"Demokratická liga";"Demokratická liga";"DL";1;"107";"";"S"
108;"Hnutí za prosperitu Brna";"Hnutí za prosperitu Brna";"Hnutí za prosperitu Brna";"HPB";1;"108";"";"S"
109;"Zlínské hnutí nezávislých";"Zlínské hnutí nezávislých";"Zlínské hnutí nezávislých";"ZHN";1;"109";"ZHN";"S"
110;"Demokratická regionální strana";"Demokratická regionální strana";"Demokratická regionální strana";"DRS";1;"110";"DRS";"S"
111;"Pravá volba pro Plzeň";"Pravá volba pro Plzeň";"Pravá volba pro Plzeň";"PVP";1;"111";"PVP";"S"
112;"HNUTÍ NEZÁVISLÝCH ZA HARMONICKÝ ROZVOJ OBCÍ A MĚST";"HNUTÍ NEZÁVISLÝCH ZA HARMONICKÝ ROZVOJ OBCÍ A MĚST";"HN.ZA HARM.ROZVOJ OBCÍ A MĚST";"HNHRM";1;"112";"HNHRM";"S"
113;"Volba pro město";"Volba pro město";"Volba pro město";"VPM";1;"113";"VPM";"S"
114;"Hnutí pro Havířov";"Hnutí pro Havířov";"Hnutí pro Havířov";"HPH";1;"114";"HPH";"S"
115;"Nezávislé sdružení občanů Blanska";"Nezávislé sdružení občanů Blanska";"Nezáv.sdruž.občanů Blanska";"NSOB";1;"115";"NSOB";"S"
116;"Občanská liga FORUM";"Občanská liga FORUM";"Občanská liga FORUM";"OLF";1;"116";"";"S"
117;""1.Sdružení nezávislých kandidátů Tábor"";""1.Sdružení nezávislých kandidátů Tábor"";""1.Sdr.nezáv.kandidátů Tábor"";"1.SNK";1;"117";"";"S"
118;"Sdružení pro sport a zdraví";"Sdružení pro sport a zdraví";"Sdružení pro sport a zdraví";"SSZ";1;"118";"";"S"
119;"Unie pro sport a zdraví";"Unie pro sport a zdraví";"Unie pro sport a zdraví";"USZ";1;"119";"USZ";"S"
120;"Aliance nezávislých občanů";"Aliance nezávislých občanů";"Aliance nezávislých občanů";"ANO";1;"120";"";"S"
121;"NÁRODNÍ PROSPERITA";"NÁRODNÍ PROSPERITA";"NÁRODNÍ PROSPERITA";"NP";1;"121";"NP";"S"
122;"Českobudějovická nezávislá nová volba";"Českobudějovická nezávislá nová volba";"Českobudějov.nezáv.nová volba";"ČbNNV";1;"122";"";"S"
123;"České hnutí za národní jednotu";"České hnutí za národní jednotu";"České hnutí za národní jednotu";"ČHNJ";1;"123";"ČHNJ";"S"
124;"Nové hnutí";"Nové hnutí";"Nové hnutí";"NH";1;"124";"";"S"
125;"Unie pro Evropu";"Unie pro Evropu";"Unie pro Evropu";"UPE";1;"125";"";"S"
126;"Nestraníci pro Moravu";"Nestraníci pro Moravu";"Nestraníci pro Moravu";"NPM";1;"126";"";"S"
127;"Republikáni Miroslava Sládka";"Republikáni Miroslava Sládka";"Republikáni Miroslava Sládka";"RMS";1;"127";"";"S"
128;""Akce za skutečnou demokracii"";""Akce za skutečnou demokracii"";""Akce za skutečnou demokracii"";"AZSD";1;"128";"";"S"
129;"SNK Evropští demokraté";"SNK Evropští demokraté";"SNK Evropští demokraté";"SNK ED";1;"129";"SNK ED";"S"
130;"Strana svobodných severu";"Strana svobodných severu";"Strana svobodných severu";"SSS";1;"130";"";"S"
131;"Strana občanského porozumění";"Strana občanského porozumění";"Strana občanského porozumění";"SOP";1;"131";"";"S"
132;"Aktiv nezávislých občanů";"Aktiv nezávislých občanů";"Aktiv nezávislých občanů";"ANEO";1;"132";"ANEO";"S"
133;"Cesta změny";"Cesta změny";"Cesta změny";"CZ";1;"133";"";"S"
134;""Sebeobrana voličů-Váš hlas nepodpoří financování planých řečí, ale zdravotnictví Vašeho obvodu"";""Sebeobrana voličů-Váš hlas pro zdravotnictví"";""Sebeobrana voličů-Váš hlas"";"SeVo";1;"134";"";"S"
135;"Naděje";"Naděje";"Naděje";"N";1;"135";"";"S"
136;"Tábor 2020";"Tábor 2020";"Tábor 2020";"T2020";1;"136";"T2020";"S"
137;"ROZUMNÍ - stop migraci a diktátu EU - peníze našim občanům, důchodcům, dětem, zdravotně postiženým...";"ROZUMNÍ - stop migraci a diktátu EU-peníze občanům";"ROZUMNÍ-stop migraci,diktát.EU";"Rozumní";1;"137";"Rozumní";"S"
138;"Liberálové.CZ";"Liberálové.CZ";"Liberálové.CZ";"LIB";1;"138";"LIB";"S"
139;"Volba pro budoucnost";"Volba pro budoucnost";"Volba pro budoucnost";"VPB";1;"139";"";"S"
140;"Balbínova poetická strana";"Balbínova poetická strana";"Balbínova poetická strana";"BPS";1;"140";"BPS";"S"
141;"Konzervativní a sociální hnutí";"Konzervativní a sociální hnutí";"Konzervativní a sociální hnutí";"KSH";1;"141";"KSH";"S"
142;"Strana Starostové za Ústecký kraj";"Strana Starostové za Ústecký kraj";"Str.Starostové za Ústecký kraj";"Starost. za ÚK";1;"142";"Starostové za ÚK";"S"
143;"Spojení demokraté - Sdružení nezávislých";"Spojení demokraté - Sdružení nezávislých";"Spojení demokraté-Sdruž.nezáv.";"SD-SN";1;"143";"SD-SN";"S"
144;"Věci veřejné";"Věci veřejné";"Věci veřejné";"VV";1;"144";"VV";"S"
145;""Jirkov 21.století"";""Jirkov 21.století"";""Jirkov 21.století"";"J 21 S";1;"145";"J 21 S";"S"
146;"Nezávislí pro Prahu";"Nezávislí pro Prahu";"Nezávislí pro Prahu";"NPP";1;"146";"NPP";"S"
147;"MĚSTO LIDEM";"MĚSTO LIDEM";"MĚSTO LIDEM";"ML";1;"147";"ML";"S"
148;""SONOB - sdružení ochrany nájemníků a ostatního bydlení"";""SONOB-sdružení ochrany nájemníků a ostat.bydlení"";""SONOB-sdruž.ochr.nájemníků"";"SONOB";1;"148";"SONOB";"S"
149;"Sociálně demokratická aliance nezávislých";"Sociálně demokratická aliance nezávislých";"Sociálně demokrat.aliance nez.";"SDAN";1;"149";"";"S"
150;"Sdružení za lepší Vrchlabí";"Sdružení za lepší Vrchlabí";"Sdružení za lepší Vrchlabí";"SZLV";1;"150";"";"S"
151;"Helax-Ostrava se baví";"Helax-Ostrava se baví";"Helax-Ostrava se baví";"HOB";1;"151";"";"S"
152;"Národní strana";"Národní strana";"Národní strana";"NS";1;"152";"NS";"S"
153;"Dělnická strana";"Dělnická strana";"Dělnická strana";"DS";1;"153";"DS";"S"
154;"Všeobecná občanská strana";"Všeobecná občanská strana";"Všeobecná občanská strana";"VOS";1;"154";"VOS";"S"
155;"Blok proti islamizaci - Obrana domova";"Blok proti islamizaci - Obrana domova";"Blok proti islam.-Obran.domova";"BPI";1;"155";"BPI";"S"
156;"Dělnická strana sociální spravedlnosti";"Dělnická strana sociální spravedlnosti";"Dělnic.str.sociální spravedl.";"DSSS";1;"156";"DSSS";"S"
157;"Demokratická Unie České republiky";"Demokratická Unie České republiky";"Demokratická Unie České rep.";"DEUČR";1;"157";"";"S"
158;"Starostové a osobnosti pro Moravu";"Starostové a osobnosti pro Moravu";"Starostové a osobn. pro Moravu";"SOM";1;"158";"SOM";"S"
159;"Strana státu přímé demokracie - Strana práce";"Strana státu přímé demokracie - Strana práce";"Str.státu přímé dem.-Str.práce";"SSPD-SP";1;"159";"SSPD-SP";"S"
160;""Viktor Kožený - Občanská federální demokracie"";""Viktor Kožený - Občanská federální demokracie"";""V.Kožený-Občan.feder.demokr."";""OFD"";1;"160";""OFD"";"S"
161;"Svobodná občanská samospráva";"Svobodná občanská samospráva";"Svobodná občanská samospráva";"SvOS";1;"161";"SvOS";"S"
162;"Správný směr";"Správný směr";"Správný směr";"SPS";1;"162";"";"S"
163;"NEZÁVISLÁ VOLBA";"NEZÁVISLÁ VOLBA";"NEZÁVISLÁ VOLBA";"NV";1;"163";"NV";"S"
164;"Evropská strana důstojného stáří";"Evropská strana důstojného stáří";"Evropská str.důstojného stáří";"ESDS";1;"164";"ESDS";"S"
165;"Strana drobných živnostníků a podnikatelů";"Strana drobných živnostníků a podnikatelů";"Str.drobn.živnost.a podnikat.";"SDŽP";1;"165";"";"S"
166;"STAROSTOVÉ A NEZÁVISLÍ";"STAROSTOVÉ A NEZÁVISLÍ";"STAROSTOVÉ A NEZÁVISLÍ";"STAN";1;"166";"STAN";"S"
167;"Fair play - HNPD";"Fair play - HNPD";"Fair play - HNPD";"HNPD";1;"167";"HNPD";"S"
168;"Občanské demokratické hnutí";"Občanské demokratické hnutí";"Občanské demokratické hnutí";"ODH";1;"168";"";"S"
169;"Folklor i Společnost";"Folklor i Společnost";"Folklor i Společnost";"FiS";1;"169";"FiS";"S"
170;"Romská demokratická sociální strana";"Romská demokratická sociální strana";"Romská demokrat.sociální str.";"RDSS";1;"170";"";"S"
171;"STRANA ROVNOST ŠANCÍ";"STRANA ROVNOST ŠANCÍ";"STRANA ROVNOST ŠANCÍ";"SRŠ";1;"171";"";"S"
172;"NEZÁVISLÍ DEMOKRATÉ";"NEZÁVISLÍ DEMOKRATÉ";"NEZÁVISLÍ DEMOKRATÉ";"NEZ/DEM";1;"172";"NEZ/DEM";"S"
173;"Chci svou šanci";"Chci svou šanci";"Chci svou šanci";"CISN";1;"173";"";"S"
174;"Hnutí pro Těšín";"Hnutí pro Těšín";"Hnutí pro Těšín";"HpT";1;"174";"HpT";"S"
175;"Česká strana národně socialistická";"Česká strana národně socialistická";"Česká str.národ.socialistická";"ČSNS2005";1;"175";"ČSNS2005";"S"
176;"Strana občanské sebeobrany";"Strana občanské sebeobrany";"Strana občanské sebeobrany";"S.O.S. PRAHA";1;"176";"S.O.S. PRAHA";"S"
177;"Zelení";"Zelení";"Zelení";""Z"";1;"177";""Z"";"S"
178;"4 VIZE - www.4vize.cz";"4 VIZE - www.4vize.cz";"4 vize - www.4vize.cz";"4 VIZE";1;"178";"4 VIZE";"S"
179;"Sedma - strana pro Slatiňany, Škrovád, Trpišov, Kunčí, Presy, Podhůru a Kochánovice";"Sedma-strana pro obec Slatiňany a její osady";"Sedma-str.pro obec Slatiňany";"Sedma";1;"179";"Sedma";"S"
180;"Klub sociálně demokratické orientace";"Klub sociálně demokratické orientace";"Klub sociál.demokrat.orientace";"KSDO";1;"180";"";"S"
181;"Nestraníci";"Nestraníci";"Nestraníci";"Nestran.";1;"181";"NK";"S"
182;"Karlovarská občanská alternativa";"Karlovarská občanská alternativa";"Karlovar.občanská alternativa";"KOA";1;"182";"KOA";"S"
183;"Alternativa pro občany";"Alternativa pro občany";"Alternativa pro občany";"AO";1;"183";"AO";"S"
184;"Hnutí LEPŠÍ ŘEPY";"Hnutí LEPŠÍ ŘEPY";"Hnutí LEPŠÍ ŘEPY";"HLŘ";1;"184";"HLŘ";"S"
185;"Patrioti - hnutí za lepší Ústí n.L.";"Patrioti - Hnutí za lepší Ústí n.L.";"Patrioti-Hn.za lepší Ústí n.L.";"P-HLÚ";1;"185";"";"S"
186;"Hnutí za lepší bydlení";"Hnutí za lepší bydlení";"Hnutí za lepší bydlení";"HZLB";1;"186";"";"S"
187;"Občansko demokratické sdružení Zlín";"Občansko demokratické sdružení Zlín";"Občansko demokr.sdružení Zlín";"ODSZ";1;"187";"";"S"
188;"SEMILÁCI";"SEMILÁCI";"SEMILÁCI";"PSS";1;"188";"PSS";"S"
189;"Zlínské sdružení živnostníků a podnikatelů";"Zlínské sdružení živnostníků a podnikatelů";"Zlín.sdruž.živnost.a podnikat.";"ZSŽP";1;"189";"";"S"
190;"Mimoňská obroda";"Mimoňská obroda";"Mimoňská obroda";"OHMO";1;"190";"OHMO";"S"
191;"MĚSTO I MLÁDEŽI";"MĚSTO I MLÁDEŽI";"MĚSTO I MLÁDEŽI";"MIM";1;"191";"";"S"
192;"HLAVU VZHŮRU - volební blok";"HLAVU VZHŮRU - volební blok";"HLAVU VZHŮRU - volební blok";"HLAVU VZHŮRU";1;"192";"HLAVU VZHŮRU";"S"
193;"Volba pro Mladou Boleslav";"Volba pro Mladou Boleslav";"Volba pro Mladou Boleslav";"VpMB";1;"193";"VpMB";"S"
194;"ZVON";"ZVON";"ZVON";"PHZ";1;"194";"PHZ";"S"
195;"Hnutí pro Prahu 11";"Hnutí pro Prahu 11";"Hnutí pro Prahu 11";"HPP 11";1;"195";"HpP";"S"
196;"Strana Svobody";"Strana Svobody";"Strana Svobody";"Str.Svob";1;"196";"";"S"
197;"NESPOKOJENÍ OBČANÉ!";"NESPOKOJENÍ OBČANÉ!";"NESPOKOJENÍ OBČANÉ!";"NO!";1;"197";"NO!";"S"
198;"Republikánská strana Čech, Moravy a Slezska";"Republikánská strana Čech, Moravy a Slezska";"Republ.str.Čech,Moravy a Slez.";"RSČMS";1;"198";"RSČMS";"S"
199;"Klíčové hnutí";"Klíčové hnutí";"Klíčové hnutí";"KH";1;"199";"KH";"S"
200;"Demokracie";"Demokracie";"Demokracie";"DK";1;"200";"DK";"S"
201;"Koalice KDU-ČSL, ČSNS";"Koalice KDU-ČSL, ČSNS";"Koalice KDU-ČSL, ČSNS";"";2;"001,002";"";"K"
202;"Koalice KDU-ČSL, ČSNS, US-DEU";"Koalice KDU-ČSL, ČSNS, US-DEU";"Koalice KDU-ČSL, ČSNS, US-DEU";"";3;"001,002,102";"";"K"
203;"Koalice KDU-ČSL, SZ, DEU";"Koalice KDU-ČSL, SZ, DEU";"Koalice KDU-ČSL, SZ, DEU";"";3;"001,005,081";"";"K"
204;"Koalice KDU-ČSL, SZ, NEZ";"Koalice KDU-ČSL, SZ, NEZ";"Koalice KDU-ČSL, SZ, NEZ";"";3;"001,005,088";"";"K"
205;"Koalice KDU-ČSL, ODA";"Koalice KDU-ČSL, ODA";"Koalice KDU-ČSL, ODA";"";2;"001,013";"";"K"
206;"Koalice KDU-ČSL, ODA, ODS, US-DEU";"Koalice KDU-ČSL, ODA, ODS, US-DEU";"Koalice KDU-ČSL,ODA,ODS,US-DEU";"";4;"001,013,053,102";"";"K"
207;"Koalice KDU-ČSL, ODA, DEU";"Koalice KDU-ČSL, ODA, DEU";"Koalice KDU-ČSL, ODA, DEU";"";3;"001,013,081";"";"K"
208;"Čtyřkoalice";"Čtyřkoalice";"Čtyřkoalice";"4KOALICE";4;"001,013,081,102";"";"K"
209;"Koalice KDU-ČSL, KSČM";"Koalice KDU-ČSL, KSČM";"Koalice KDU-ČSL, KSČM";"";2;"001,047";"";"K"
210;"Koalice KDU-ČSL, ODS";"Koalice KDU-ČSL, ODS";"Koalice KDU-ČSL, ODS";"KDU-ČSL+ODS";2;"001,053";"";"K"
211;"Koalice KDU-ČSL, ODS, US-DEU";"Koalice KDU-ČSL, ODS, US-DEU";"Koalice KDU-ČSL, ODS, US-DEU";"";3;"001,053,102";"";"K"
212;"Koalice KDU-ČSL, DEU";"Koalice KDU-ČSL, DEU";"Koalice KDU-ČSL, DEU";"";2;"001,081";"";"K"
213;"Koalice KDU-ČSL, DEU, US";"Koalice KDU-ČSL, DEU, US";"Koalice KDU-ČSL, DEU, US";"";3;"001,081,102";"";"K"
215;"Koalice KDU-ČSL, NEZ";"Koalice KDU-ČSL, NEZ";"Koalice KDU-ČSL, NEZ";"";2;"001,088";"";"K"
216;"Koalice KDU-ČSL, US-DEU";"Koalice KDU-ČSL, US-DEU";"Koalice KDU-ČSL, US-DEU";"";2;"001,102";"";"K"
217;"Koalice KDU-ČSL, SOS";"Koalice KDU-ČSL, SOS";"Koalice KDU-ČSL, SOS";"";2;"001,103";"";"K"
218;"Koalice KDU-ČSL, SKS";"Koalice KDU-ČSL, SKS";"Koalice KDU-ČSL, SKS";"";2;"001,105";"";"K"
219;"Koalice ČSNS, SZ, KAN, NEZ";"Koalice ČSNS, SZ, KAN, NEZ";"Koalice ČSNS, SZ, KAN, NEZ";"";4;"002,005,040,088";"";"K"
220;"Koalice ČSNS, SZ, DEU";"Koalice ČSNS, SZ, DEU";"Koalice ČSNS, SZ, DEU";"";3;"002,005,081";"";"K"
221;"Koalice ČSNS, ČSSD";"Koalice ČSNS, ČSSD";"Koalice ČSNS, ČSSD";"";2;"002,007";"";"K"
222;"Koalice ČSNS, ODA";"Koalice ČSNS, ODA";"Koalice ČSNS, ODA";"";2;"002,013";"";"K"
223;"Koalice ČSNS, SŽJ";"Koalice ČSNS, SŽJ";"Koalice ČSNS, SŽJ";"";2;"002,020";"";"K"
224;"Koalice ČSNS, ODS";"Koalice ČSNS, ODS";"Koalice ČSNS, ODS";"";2;"002,053";"";"K"
225;"Koalice ČSNS, DEU";"Koalice ČSNS, DEU";"Koalice ČSNS, DEU";"";2;"002,081";"";"K"
226;"Koalice ČSNS, US-DEU";"Koalice ČSNS, US-DEU";"Koalice ČSNS, US-DEU";"";2;"002,102";"";"K"
227;"Koalice SZ, ČSSD";"Koalice SZ, ČSSD";"Koalice SZ, ČSSD";"SZ+ČSSD";2;"005,007";"";"K"
228;"Koalice SZ, ODA";"Koalice SZ, ODA";"Koalice SZ, ODA";"";2;"005,013";"";"K"
229;"Koalice SZ, KAN, NEZ";"Koalice SZ, KAN, NEZ";"Koalice SZ, KAN, NEZ";"";3;"005,040,088";"";"K"
230;"Koalice ČSSD, SŽJ";"Koalice ČSSD, SŽJ";"Koalice ČSSD, SŽJ";"";2;"007,020";"";"K"
231;"Koalice ČSSD, KSČM";"Koalice ČSSD, KSČM";"Koalice ČSSD, KSČM";"";2;"007,047";"";"K"
232;"Koalice ČSSD, ODS";"Koalice ČSSD, ODS";"Koalice ČSSD, ODS";"";2;"007,053";"";"K"
233;"Koalice ČSSD, SDS";"Koalice ČSSD, SDS";"Koalice ČSSD, SDS";"";2;"007,074";"";"K"
234;"Koalice ČSSD, Moravané";"Koalice ČSSD, Moravané";"Koalice ČSSD, Moravané";"";2;"007,083";"";"K"
235;"Koalice ČSSD, SV SOS";"Koalice ČSSD, SV SOS";"Koalice ČSSD, SV SOS";"";2;"007,101";"";"K"
236;"Koalice SPR-RSČ, ND";"Koalice SPR-RSČ, ND";"Koalice SPR-RSČ, ND";"";2;"011,079";"";"K"
237;"Koalice SPR-RSČ, ND, MoDS";"Koalice SPR-RSČ, ND, MoDS";"Koalice SPR-RSČ, ND, MoDS";"";3;"011,079,082";"";"K"
238;"Koalice ODA, KAN, DEU";"Koalice ODA, KAN, DEU";"Koalice ODA, KAN, DEU";"";3;"013,040,081";"";"K"
239;"Koalice ODA, KAN, DEU, US";"Koalice ODA, KAN, DEU, US";"Koalice ODA, KAN, DEU, US";"";4;"013,040,081,102";"";"K"
240;"Koalice ODA, ODS";"Koalice ODA, ODS";"Koalice ODA, ODS";"";2;"013,053";"";"K"
241;"Koalice ODA, ODS, DEU";"Koalice ODA, ODS, DEU";"Koalice ODA, ODS, DEU";"";3;"013,053,081";"";"K"
242;"Koalice ODA, DEU";"Koalice ODA, DEU";"Koalice ODA, DEU";"";2;"013,081";"";"K"
243;"Koalice ODA, NEZ";"Koalice ODA, NEZ";"Koalice ODA, NEZ";"";2;"013,088";"";"K"
244;"Koalice ODA, US-DEU";"Koalice ODA, US-DEU";"Koalice ODA, US-DEU";"";2;"013,102";"";"K"
245;"Koalice ODA, SOS";"Koalice ODA, SOS";"Koalice ODA, SOS";"";2;"013,103";"";"K"
246;"Koalice SŽJ, CAO";"Koalice SŽJ, CAO";"Koalice SŽJ, CAO";"";2;"020,025";"";"K"
247;"Koalice SŽJ, SDS";"Koalice SŽJ, SDS";"Koalice SŽJ, SDS";"";2;"020,074";"";"K"
248;"Koalice KAN, DEU";"Koalice KAN, DEU";"Koalice KAN, DEU";"";2;"040,081";"";"K"
249;"Koalice KAN, DEU, US";"Koalice KAN, DEU, US";"Koalice KAN, DEU, US";"";3;"040,081,102";"";"K"
250;"Koalice PA, PB, SKS";"Koalice PA, PB, SKS";"Koalice PA, PB, SKS";"";3;"043,098,105";"";"K"
251;"Koalice KSČM, SDS";"Koalice KSČM, SDS";"Koalice KSČM, SDS";"";2;"047,074";"";"K"
252;"Koalice ODS, DEU";"Koalice ODS, DEU";"Koalice ODS, DEU";"";2;"053,081";"";"K"
253;"Koalice ODS, US-DEU";"Koalice ODS, US-DEU";"Koalice ODS, US-DEU";"";2;"053,102";"";"K"
254;"Koalice DEU, MoDS";"Koalice DEU, MoDS";"Koalice DEU, MoDS";"";2;"081,082";"";"K"
255;"Koalice DEU, US";"Koalice DEU, US";"Koalice DEU, US";"";2;"081,102";"";"K"
256;"MORAVSKÁ KOALICE";"MORAVSKÁ KOALICE";"MORAVSKÁ KOALICE";"MORKOAL";2;"082,083";"";"K"
257;"Koalice NEZ, US-DEU";"Koalice NEZ, US-DEU";"Koalice NEZ, US-DEU";"";2;"088,102";"";"K"
259;"Koalice České strany národně sociální a politického hnutí NEZÁVISLÍ";"Koal.České str.národ.sociální a pol.hn.NEZÁVISLÍ";"K.Čes.str.nár.soc. a NEZÁVISLÍ";"ČSNS-NEZ";2;"002,088";"";"K"
260;"Strana za životní jistoty a Strana zelených";"Strana za životní jistoty a Strana zelených";"Str.za živ.jist.,Str.zelených";"SŽJ-SZ";2;"005,020";"";"K"
261;"Koalice Pravý blok - Klub angažovaných nestraníků";"Koalice Pravý blok - Klub angažovaných nestraníků";"K.Pravý blok-Klub angaž.nestr.";"PB-KAN";2;"040,098";"";"K"
267;"ŠANCE PRO OLOMOUCKÝ KRAJ";"ŠANCE PRO OLOMOUCKÝ KRAJ";"ŠANCE PRO OLOMOUCKÝ KRAJ";"ŠANCEOK";3;"040,105,113";"";"K"
268;"Koalice politických stran Volba pro město a Strana pro otevřenou společnost";"Koalice VPM, SOS";"Koalice VPM, SOS";"VPM+SOS";2;"103,113";"";"K"
269;"Koalice Unie pro Evropu a Strany zelených";"Koalice Unie pro Evropu a Strany zelených";"Unie pro Evropu,Str.zelených";"UPE-SZ";2;"005,125";"";"K"
273;"Pražané Praze - Praha Pražanům";"Pražané Praze - Praha Pražanům";"Pražané Praze-Praha Pražanům";"";2;"128,134";"";"K"
274;"Koalice SD-SN, ODA";"Koalice SD-SN, ODA";"Koalice SD-SN, ODA";"SD-SN, ODA";2;"013,143";"";"K"
275;"Koalice KDU-ČSL, US-DEU, VPM";"Koalice KDU-ČSL, US-DEU, VPM";"Koalice KDU-ČSL, US-DEU, VPM";"";3;"001,102,113";"";"K"
276;"Koalice SŽJ, VPM";"Koalice SŽJ, VPM";"Koalice SŽJ, VPM";"";2;"020,113";"";"K"
277;"Koalice MoDS, Moravané, SŽJ";"Koalice MoDS, Moravané, SŽJ";"Koalice MoDS, Moravané, SŽJ";"";3;"020,082,083";"";"K"
278;"Koalice SNK ED, VPM";"Koalice SNK ED, VPM";"Koalice SNK ED, VPM";"";2;"113,129";"";"K"
279;"Koalice KDU-ČSL, ČSSD";"Koalice KDU-ČSL, ČSSD";"Koalice KDU-ČSL, ČSSD";"";2;"001,007";"";"K"
280;"Koalice KDU-ČSL, SNK ED";"Koalice KDU-ČSL, SNK ED";"Koalice KDU-ČSL, SNK ED";"KDU-ČSL, SNK ED";2;"001,129";"";"K"
281;"Koalice KDU-ČSL, ODA, US-DEU";"Koalice KDU-ČSL, ODA, US-DEU";"Koalice KDU-ČSL, ODA, US-DEU";"";3;"001,013,102";"";"K"
282;"Koalice US-DEU, SNK ED";"Koalice US-DEU, SNK ED";"Koalice US-DEU, SNK ED";"";2;"102,129";"";"K"
283;"Koalice ČSNS, SOS, VPM";"Koalice ČSNS, SOS, VPM";"Koalice ČSNS, SOS, VPM";"";3;"002,103,113";"";"K"
285;"Koalice SZ, SNK ED";"Koalice SZ, SNK ED";"Koalice SZ, SNK ED";"SZ+SNK ED";2;"005,129";"";"K"
286;"Koalice ČSSD, US-DEU";"Koalice ČSSD, US-DEU";"Koalice ČSSD, US-DEU";"";2;"007,102";"";"K"
287;"Koalice RMS, SŽJ";"Koalice RMS, SŽJ";"Koalice RMS, SŽJ";"";2;"020,127";"";"K"
288;"Koalice SNK ED, N";"Koalice SNK ED, N";"Koalice SNK ED, N";"";2;"129,135";"";"K"
290;"Koalice ODA, CZ";"Koalice ODA, CZ";"Koalice ODA, CZ";"";2;"013,133";"";"K"
291;"Koalice RMS, ND, SPR-RSČ";"Koalice RMS, ND, SPR-RSČ";"Koalice RMS, ND, SPR-RSČ";"";3;"011,079,127";"";"K"
292;"Koalice SOS, SZ";"Koalice SZ, SOS";"Koalice SZ, SOS";"";2;"005,103";"";"K"
293;"Koalice PB, Rozumní";"Koalice PB, Rozumní";"Koalice PB, Rozumní";"";2;"098,137";"";"K"
294;"Koalice ODA, SNK ED";"Koalice ODA, SNK ED";"Koalice ODA, SNK ED";"";2;"013,129";"";"K"
295;"Koalice SNK ED, SZ, SOS";"Koalice SNK ED, SZ, SOS";"Koalice SNK ED, SZ, SOS";"";3;"005,103,129";"";"K"
296;"Koalice US-DEU, SZ";"Koalice US-DEU, SZ";"Koalice US-DEU, SZ";"";2;"005,102";"";"K"
298;"Koalice ČSNS, VPM, KAN";"Koalice ČSNS, VPM, KAN";"Koalice ČSNS, VPM, KAN";"";3;"002,040,113";"";"K"
299;"Koalice CZ, COEX, NEZ, ODA";"Koalice CZ, COEX, NEZ, ODA";"Koalice CZ, COEX, NEZ, ODA";"";4;"013,072,088,133";"";"K"
300;"Koalice ČSNS, SV SOS";"Koalice ČSNS, SV SOS";"Koalice ČSNS, SV SOS";"";2;"002,101";"";"K"
301;"Koalice KSČM, SZ";"Koalice KSČM, SZ";"Kolaice KSČM, SZ";"";2;"005,047";"";"K"
303;"Koalice KDU-ČSL, SZ";"Koalice KDU-ČSL, SZ";"Koalice KDU-ČSL, SZ";"KDUČSLSZ";2;"001,005";"";"K"
305;"Koalice SZ, ODA, ČSNS, KAN, CZ, N";"Koalice SZ, ODA, ČSNS, KAN, CZ, N";"Koalice SZ,ODA,ČSNS,KAN,CZ,N";"";6;"002,005,013,040,133,135";"";"K"
306;"Koalice KDU-ČSL, ODS, ČSSD";"Koalice KDU-ČSL, ODS, ČSSD";"Koalice KDU-ČSL, ODS, ČSSD";"";3;"001,007,053";"";"K"
307;"Koalice ODS, SZ";"Koalice ODS, SZ";"Koalice ODS, SZ";"";2;"005,053";"";"K"
309;"Koalice KDU-ČSL, Moravané";"Koalice KDU-ČSL, Moravané";"Koalice KDU-ČSL, Moravané";"";2;"001,083";"";"K"
310;"Národní koalice";"Národní koalice";"Národní koalice";"NARKOAL";2;"002,152";"";"K"
311;"SNK sdružení nezávislých a Evropští demokraté";"SNK sdružení nezávislých a Evropští demokraté";"SNK sdruž.nez. a Evropští dem.";"SNK-ED";2;"129,143";"";"K"
313;"Unie liberálních demokratů";"Unie liberálních demokratů";"Unie liberálních demokratů";"ULD";4;"013,102,133,138";"";"K"
314;"Unie Prahy 4";"Unie Prahy 4";"Unie Prahy 4";"Unie-P4";3;"001,102,143";"";"K"
315;"ZELENÁ pro MORAVU";"ZELENÁ pro MORAVU";"ZELENÁ pro MORAVU";"ZEL_MOR";2;"005,138";"";"K"
316;"Sdružení nezávislých kandidátů";"Sdružení nezávislých kandidátů";"Sdružení nezávislých kandidátů";"NPM+SNK";2;"126,129";"";"K"
319;"NEZÁVISLÍ KANDIDÁTI+STRANA ZA ŽIVOTNÍ JISTOTY+STRANA VENKOVA+STRANA ZDRAVÉHO ROZUMU=SPOJENÉ OBČANSKÉ SÍLY";"NK+ST.ZA Ž.JIST.+ST.VENK.+ST.ZDR.ROZ.=SPOJ.OB.SÍLY";"NK+SŽJ+SV+SZR=SPOJ.OBČAN.SÍLY";"SP.OBČ.S";3;"020,101,137";"";"K"
320;"Dělnická strana - akce za snížení poslaneckých platů";"Dělnická strana-akce za snížení poslaneckých platů";"Děl.str.-za snížení posl.platů";"DS_PLATY";2;"043,153";"";"K"
321;"ZHN a SNK společně";"ZHN a SNK společně";"ZHN a SNK společně";"ZHN+SNK";2;"109,129";"";"K"
322;"ED, VPM, SOS - Volba pro kraj";"ED, VPM, SOS - Volba pro kraj";"ED, VPM, SOS - Volba pro kraj";"SD-SN,VPM,SOS";3;"103,113,143";"";"K"
323;"Strana za životní jistoty - Strana občanů republiky České";"Str.za životní jistoty-Str.občanů republiky České";"Str.za ž.j.-Str.obč.rep.České";"SŽJ+SORČ";2;"020,156";"";"K"
324;"Zelení a otevřená společnost";"Zelení a otevřená společnost";"Zelení a otevřená společnost";"SZ+SOS+T2020";3;"005,103,136";"";"K"
325;"Koalice jižní Morava";"Koalice jižní Morava";"Koalice jižní Morava";"JIŽ.MOR.";3;"020,083,101";"";"K"
328;"Koalice Dělnické a Národní strany";"Koalice Dělnické a Národní strany";"Koal.Dělnické a Národní strany";"DS+NS";2;"152,153";"";"K"
330;"Evropští demokraté a Nezávislí starostové pro kraj";"Evropští demokraté a Nezávislí starostové pro kraj";"Evr.demokr.a Nez.star.pro kraj";"SD-SN+NSK";2;"143,166";"";"K"
331;"Koalice "Unie pro sport a zdraví - Demokratická regionální strana"";"Koal."Unie pro sport a zdraví-Demokr.region.str."";"Unie pro sp.a zdr.-Dem.reg.st.";"USZ+DRS";2;"110,119";"";"K"
332;"Koalice za zrušení Senátu a za obnovení trestu smrti-Vaším hlasem nepodpoříte platy stran.funkcionářů,ale zdravotn.kraje";"Vaším hlasem ... pro zdravotnictví našeho kraje";"Váš hlas ... pro zdravotnictví";"Váš hlas";2;"128,137";"";"K"
334;"Strana pro otevřenou společnost a Hnutí nezávislých za harmonický rozvoj obcí a měst";"Str.pro otevř.spol. a Hn.nez.za harm.rozv.ob.a m.";"Koalice SOS, HNHRM";"SOSHNHRM";2;"103,112";"";"K"
338;"Koalice pro Českou republiku";"Koalice pro Českou republiku";"Koalice pro Českou republiku";"Koal_ČR";7;"009,040,068,157,159,165,167";"";"K"
339;"Koalice KDU-ČSL, Nestraníci";"Koalice KDU-ČSL, Nestraníci";"Koalice KDU-ČSL, Nestraníci";"KDU-ČSL+Nestran";2;"001,181";"";"K"
340;"Koalice KDU-ČSL, STAN";"Koalice KDU-ČSL, STAN";"Koalice KDU-ČSL, STAN";"";2;"001,166";"";"K"
341;"Koalice SZ, SN";"Koalice SZ, SN";"Koalice SZ, SN";"";2;"005,158";"";"K"
342;"Volba pro lidi";"Volba pro lidi";"Volba pro lidi";"Pro lidi";2;"083,102";"";"K"
344;"Koalice KDU-ČSL, SNK ED, Nestraníci";"Koalice KDU-ČSL, SNK ED, Nestraníci";"Koalice KDU-ČSL,SNK ED,Nestran";"Koalice pro PaK";3;"001,129,181";"";"K"
345;"Moravskoslezská koalice ČMUS, Moravané a MNS";"Moravskoslezská koalice ČMUS, Moravané a MNS";"Moravskosl.k.ČMUS,Moravané,MNS";"MSLK_96";3;"032,046,083";"";"K"
346;"Koalice KDU-ČSL, ODA, Nestraníci";"Koalice KDU-ČSL, ODA, Nestraníci";"Koalice KDU-ČSL, ODA, Nestran.";"";3;"001,013,181";"";"K"
347;"Koalice SNK ED, SN";"Koalice SNK ED, SN";"Koalice SNK ED, SN";"";2;"129,158";"";"K"
348;"Koalice SNK ED, COEX";"Koalice SNK ED, COEX";"Koalice SNK ED, COEX";"";2;"072,129";"";"K"
349;"Koalice KDU-ČSL, VPM";"Koalice KDU-ČSL, VPM";"Koalice KDU-ČSL, VPM";"KDU_VPM";2;"001,113";"";"K"
350;"Koalice CZ, US-DEU, ODA";"Koalice CZ, US-DEU, ODA";"Koalice CZ, US-DEU, ODA";"";3;"013,102,133";"";"K"
351;"Sdružení KDU-ČSL, ČSNS, NK";"Sdružení KDU-ČSL, ČSNS, NK";"Sdružení KDU-ČSL, ČSNS, NK";"";3;"001,002,080";"";"D"
352;"Sdružení KDU-ČSL, KSČM, NK";"Sdružení KDU-ČSL, KSČM, NK";"Sdružení KDU-ČSL, KSČM, NK";"";3;"001,047,080";"";"D"
353;"Sdružení KDU-ČSL, ODS, NK";"Sdružení KDU-ČSL, ODS, NK";"Sdružení KDU-ČSL, ODS, NK";"";3;"001,053,080";"";"D"
354;"Sdružení KDU-ČSL, ODS, US-DEU, NK";"Sdružení KDU-ČSL, ODS, US-DEU, NK";"Sdružení KDU-ČSL,ODS,US-DEU,NK";"";4;"001,053,080,102";"";"D"
355;"Sdružení KDU-ČSL, NK";"Sdružení KDU-ČSL, NK";"Sdružení KDU-ČSL, NK";"";2;"001,080";"";"D"
356;"Sdružení KDU-ČSL, DEU, NK";"Sdružení KDU-ČSL, DEU, NK";"Sdružení KDU-ČSL, DEU, NK";"";3;"001,080,081";"";"D"
357;"Sdružení KDU-ČSL, US-DEU, NK";"Sdružení KDU-ČSL, US-DEU, NK";"Sdružení KDU-ČSL, US-DEU, NK";"";3;"001,080,102";"";"D"
358;"Sdružení KDU-ČSL, SKS, NK";"Sdružení KDU-ČSL, SKS, NK";"Sdružení KDU-ČSL, SKS, NK";"";3;"001,080,105";"";"D"
359;"Sdružení ČSNS, SZ, KAN, D92, MDS, NEZ, PB, OK, NK";"Sdružení ČSNS, SZ, KAN, D92, MDS, NEZ, PB, OK, NK";"ČSNS,SZ,KAN,D92,MDS,NEZ,PB,OK,";"";9;"002,005,040,065,068,080,088,098,104";"";"D"
360;"Sdružení ČSNS, ODA, NK";"Sdružení ČSNS, ODA, NK";"Sdružení ČSNS, ODA, NK";"";3;"002,013,080";"";"D"
361;"Sdružení ČSNS, NK";"Sdružení ČSNS, NK";"Sdružení ČSNS, NK";"";2;"002,080";"";"D"
362;"Sdružení SZ, SŽJ, NK";"Sdružení SZ, SŽJ, NK";"Sdružení SZ, SŽJ, NK";"";3;"005,020,080";"";"D"
363;"Sdružení SZ, ODS, NK";"Sdružení SZ, ODS, NK";"Sdružení SZ, ODS, NK";"";3;"005,053,080";"";"D"
364;"Sdružení SZ, NK";"Sdružení SZ, NK";"Sdružení SZ, NK";"";2;"005,080";"";"D"
365;"Sdružení SZ, DEU, NK";"Sdružení SZ, DEU, NK";"Sdružení SZ, DEU, NK";"";3;"005,080,081";"";"D"
366;"Sdružení SZ, MoDS, NK";"Sdružení SZ, MoDS, NK";"Sdružení SZ, MoDS, NK";"";3;"005,080,082";"";"D"
367;"Sdružení SZ, SOS, NK";"Sdružení SZ, SOS, NK";"Sdružení SZ, SOS, NK";"";3;"005,080,103";"";"D"
368;"Sdružení ČSSD, SPR-RSČ, Moravané, NK";"Sdružení ČSSD, SPR-RSČ, Moravané, NK";"Sdruž.ČSSD,SPR-RSČ,Moravané,NK";"";4;"007,011,080,083";"";"D"
369;"Sdružení ČSSD, SŽJ, NK";"Sdružení ČSSD, SŽJ, NK";"Sdružení ČSSD, SŽJ, NK";"";3;"007,020,080";"";"D"
370;"Sdružení ČSSD, SDS, NK";"Sdružení ČSSD, SDS, NK";"Sdružení ČSSD, SDS, NK";"";3;"007,074,080";"";"D"
371;"Sdružení ČSSD, NK";"Sdružení ČSSD, NK";"Sdružení ČSSD, NK";"";2;"007,080";"";"D"
372;"Sdružení SPR-RSČ, NK";"Sdružení SPR-RSČ, NK";"Sdružení SPR-RSČ, NK";"";2;"011,080";"";"D"
373;"Sdružení ODA, ODS, NK";"Sdružení ODA, ODS, NK";"Sdružení ODA, ODS, NK";"";3;"013,053,080";"";"D"
374;"Sdružení ODA, NK";"Sdružení ODA, NK";"Sdružení ODA, NK";"";2;"013,080";"";"D"
375;"Sdružení ODA, DEU, NK";"Sdružení ODA, DEU, NK";"Sdružení ODA, DEU, NK";"";3;"013,080,081";"";"D"
376;"Sdružení ODA, US-DEU, NK";"Sdružení ODA, US-DEU, NK";"Sdružení ODA, US-DEU, NK";"";3;"013,080,102";"";"D"
377;"Sdružení ODA, VPM, NK";"Sdružení ODA, VPM, NK";"Sdružení ODA, VPM, NK";"";3;"013,080,113";"";"D"
378;"Sdružení SŽJ, SDS, NK";"Sdružení SŽJ, SDS, NK";"Sdružení SŽJ, SDS, NK";"";3;"020,074,080";"";"D"
379;"Sdružení SŽJ, NK";"Sdružení SŽJ, NK";"Sdružení SŽJ, NK";"";2;"020,080";"";"D"
380;"Sdružení SŽJ, SOS, NK";"Sdružení SŽJ, SOS, NK";"Sdružení SŽJ, SOS, NK";"";3;"020,080,103";"";"D"
381;"Sdružení CAO, NK";"Sdružení CAO, NK";"Sdružení CAO, NK";"";2;"025,080";"";"D"
382;"Sdružení KAN, NK";"Sdružení KAN, NK";"Sdružení KAN, NK";"";2;"040,080";"";"D"
383;"Sdružení KAN, DEU, NK";"Sdružení KAN, DEU, NK";"Sdružení KAN, DEU, NK";"";3;"040,080,081";"";"D"
384;"Sdružení PA, NK";"Sdružení PA, NK";"Sdružení PA, NK";"";2;"043,080";"";"D"
385;"Sdružení KSČM, SDS, NK";"Sdružení KSČM, SDS, NK";"Sdružení KSČM, SDS, NK";"";3;"047,074,080";"";"D"
386;"Sdružení KSČM, SDS, SV SOS, NK";"Sdružení KSČM, SDS, SV SOS, NK";"Sdružení KSČM, SDS, SV SOS, NK";"";4;"047,074,080,101";"";"D"
387;"Sdružení KSČM, NK";"Sdružení KSČM, NK";"Sdružení KSČM, NK";"";2;"047,080";"";"D"
388;"Sdružení KSČM, Moravané, NK";"Sdružení KSČM, Moravané, NK";"Sdružení KSČM, Moravané, NK";"";3;"047,080,083";"";"D"
389;"Sdružení ODS, NK";"Sdružení ODS, NK";"Sdružení ODS, NK";"";2;"053,080";"";"D"
390;"Sdružení ODS, US-DEU, NK";"Sdružení ODS, US-DEU, NK";"Sdružení ODS, US-DEU, NK";"";3;"053,080,102";"";"D"
391;"Sdružení MDS, NK";"Sdružení MDS, NK";"Sdružení MDS, NK";"";2;"068,080";"";"D"
392;"Sdružení COEX, NK";"Sdružení COEX, NK";"Sdružení COEX, NK";"";2;"072,080";"";"D"
393;"Sdružení SDS, NK";"Sdružení SDS, NK";"Sdružení SDS, NK";"";2;"074,080";"";"D"
394;"Sdružení ČP, NK";"Sdružení ČP, NK";"Sdružení ČP, NK";"";2;"077,080";"";"D"
395;"Sdružení ND, NK";"Sdružení ND, NK";"Sdružení ND, NK";"";2;"079,080";"";"D"
396;"Sdružení DEU, NK";"Sdružení DEU, NK";"Sdružení DEU, NK";"";2;"080,081";"";"D"
397;"Sdružení DEU, US, NK";"Sdružení DEU, US, NK";"Sdružení DEU, US, NK";"";3;"080,081,102";"";"D"
398;"Sdružení MoDS, NK";"Sdružení MoDS, NK";"Sdružení MoDS, NK";"";2;"080,082";"";"D"
399;"Sdružení MoDS, Moravané, NK";"Sdružení MoDS, Moravané, NK";"Sdružení MoDS, Moravané, NK";"";3;"080,082,083";"";"D"
401;"Sdružení NEZ, NK";"Sdružení NEZ, NK";"Sdružení NEZ, NK";"";2;"080,088";"";"D"
402;"Sdružení ŽS, NK";"Sdružení ŽS, NK";"Sdružení ŽS, NK";"";2;"080,092";"";"D"
403;"Sdružení SČK, NK";"Sdružení SČK, NK";"Sdružení SČK, NK";"";2;"080,093";"";"D"
404;"Sdružení SV SOS, NK";"Sdružení SV SOS, NK";"Sdružení SV SOS, NK";"";2;"080,101";"";"D"
405;"Sdružení US-DEU, NK";"Sdružení US-DEU, NK";"Sdružení US-DEU, NK";"";2;"080,102";"";"D"
406;"Sdružení US-DEU, VPM, NK";"Sdružení US-DEU, VPM, NK";"Sdružení US-DEU, VPM, NK";"";3;"080,102,113";"";"D"
407;"Sdružení SOS, NK";"Sdružení SOS, NK";"Sdružení SOS, NK";"";2;"080,103";"";"D"
408;"Sdružení OK, NK";"Sdružení OK, NK";"Sdružení OK, NK";"";2;"080,104";"";"D"
409;"Sdružení SKS, NK";"Sdružení SKS, NK";"Sdružení SKS, NK";"";2;"080,105";"";"D"
410;"Sdružení DRS, NK";"Sdružení DRS, NK";"Sdružení DRS, NK";"";2;"080,110";"";"D"
411;"Sdružení VPM, NK";"Sdružení VPM, NK";"Sdružení VPM, NK";"";2;"080,113";"";"D"
412;"Sdružení SOS, SNK ED, NK";"Sdružení SOS, SNK ED, NK";"Sdružení SOS, SNK ED, NK";"";3;"080,103,129";"";"D"
415;"Sdružení KONS, NK";"Sdružení KONS, NK";"Sdružení KONS, NK";"";2;"024,080";"";"D"
417;"Sdružení N, NK";"Sdružení N, NK";"Sdružení N, NK";"";2;"080,135";"";"D"
418;"Sdružení RMS, NK";"Sdružení RMS, NK";"Sdružení RMS, NK";"";2;"080,127";"";"D"
421;"Sdružení KSH, NK";"Sdružení KSH, NK";"Sdružení KSH, NK";"";2;"080,141";"";"D"
422;"Sdružení SZ, MoDS, Moravané, SŽJ, NK";"Sdružení SZ, MoDS, Moravané, SŽJ, NK";"Sdružení SZ,MoDS,Morav.,SŽJ,NK";"";5;"005,020,080,082,083";"";"D"
423;"Sdružení SOS, ČSNS, MDS, NK";"Sdružení SOS, ČSNS, MDS, NK";"Sdružení SOS, ČSNS, MDS, NK";"";4;"002,068,080,103";"";"D"
424;"Sdružení KDU-ČSL, ČSSD, NK";"Sdružení KDU-ČSL, ČSSD, NK";"Sdružení KDU-ČSL, ČSSD, NK";"";3;"001,007,080";"";"D"
425;"Sdružení Moravané, VPM, NK";"Sdružení Moravané, VPM, NK";"Sdružení Moravané, VPM, NK";"";3;"080,083,113";"";"D"
426;"Sdružení DL, NK";"Sdružení DL, NK";"Sdružení DL, NK";"";2;"080,107";"";"D"
427;"Sdružení SD-SN, NK";"Sdružení SD-SN, NK";"Sdružení SD-SN, NK";"";2;"080,143";"";"D"
428;"Sdružení CZ, NK";"Sdružení CZ, NK";"Sdružení CZ, NK";"";2;"080,133";"";"D"
429;"Sdružení ČSSD, US-DEU, NK";"Sdružení ČSSD, US-DEU, NK";"Sdružení ČSSD, US-DEU, NK";"";3;"007,080,102";"";"D"
430;"Sdružení RMS, ND, NK";"Sdružení RMS, ND, NK";"Sdružení RMS, ND, NK";"";3;"079,080,127";"";"D"
431;"Sdružení ANEO, NK";"Sdružení ANEO, NK";"Sdružení ANEO, NK";"";2;"080,132";"";"D"
433;"Sdružení US-DEU, ODA, ČSNS, NK";"Sdružení US-DEU, ODA, ČSNS, NK";"Sdružení US-DEU, ODA, ČSNS, NK";"";4;"002,013,080,102";"";"D"
434;"Sdružení ODA, SZ, NK";"Sdružení ODA, SZ, NK";"Sdružení ODA, SZ, NK";"";3;"005,013,080";"";"D"
435;"Sdružení US-DEU, KONS, NK";"Sdružení US-DEU, KONS, NK";"Sdružení US-DEU, KONS, NK";"";3;"024,080,102";"";"D"
436;"Sdružení SD-SN, ODA, CZ, NK";"Sdružení SD-SN, ODA, CZ, NK";"Sdružení SD-SN, ODA, CZ, NK";"";4;"013,080,133,143";"";"D"
437;"Sdružení KDU-ČSL, ODA, US-DEU, NK";"Sdružení KDU-ČSL, ODA, US-DEU, NK";"Sdružení KDU-ČSL,ODA,US-DEU,NK";"";4;"001,013,080,102";"";"D"
438;"Sdružení MoDS, SŽJ, NK";"Sdružení MoDS, SŽJ, NK";"Sdružení MoDS, SŽJ, NK";"";3;"020,080,082";"";"D"
439;"Sdružení US-DEU, ČSNS, NK";"Sdružení US-DEU, ČSNS, NK";"Sdružení US-DEU, ČSNS, NK";"";3;"002,080,102";"";"D"
440;"Sdružení SD-SN, SZ, NK";"Sdružení SD-SN, SZ, NK";"Sdružení SD-SN, SZ, NK";"";3;"005,080,143";"";"D"
441;"Sdružení SD-SN, ODA, NK";"Sdružení SD-SN, ODA, NK";"Sdružení SD-SN, ODA, NK";"";3;"013,080,143";"";"D"
442;"Sdružení SZ, ČSNS, SV SOS, NK";"Sdružení SZ, ČSNS, SV SOS, NK";"Sdružení SZ, ČSNS, SV SOS, NK";"";4;"002,005,080,101";"";"D"
443;"Sdružení NPM, NK";"Sdružení NPM, NK";"Sdružení NPM, NK";"";2;"080,126";"";"D"
444;"Sdružení SDS, SV SOS, NK";"Sdružení SDS, SV SOS, NK";"Sdružení SDS, SV SOS, NK";"";3;"074,080,101";"";"D"
445;"Sdružení SZ, SOS, SNK ED, NK";"Sdružení SZ, SOS, SNK ED, NK";"Sdružení SZ, SOS, SNK ED, NK";"";4;"005,080,103,129";"";"D"
448;"Sdružení HS, NK";"Sdružení HS, NK";"Sdružení HS, NK";"";2;"080,100";"";"D"
449;"Sdružení SNK ED, NK";"Sdružení SNK ED, NK";"Sdružení SNK ED, NK";"";2;"080,129";"";"D"
450;"Sdružení LIB, NK";"Sdružení LIB, NK";"Sdružení LIB, NK";"";2;"080,138";"";"D"
451;"Sdružení SvOS, NK";"Sdružení SvOS, NK";"Sdružení SvOS, NK";"";2;"080,161";"";"D"
452;"Sdružení SDŽP, NK";"Sdružení SDŽP, NK";"Sdružení SDŽP, NK";"";2;"080,165";"";"D"
453;"Sdružení ČSNS2005, NK";"Sdružení ČSNS2005, NK";"Sdružení ČSNS2005, NK";"";2;"080,175";"";"D"
454;"Sdružení NEZ/DEM, NK";"Sdružení NEZ/DEM, NK";"Sdružení NEZ/DEM, NK";"";2;"080,172";"";"D"
455;"Sdružení SOS, KDU-ČSL, CZ, US-DEU, VPM, Rozumní, NK";"Sdružení SOS, KDU-ČSL, CZ, US-DEU, VPM, Rozumní,NK";"SOS,KDU,CZ,US-DEU,VPM,Rozum,NK";"";7;"001,080,102,103,113,133,137";"";"D"
456;"Sdružení HNHRM, NK";"Sdružení HNHRM, NK";"Sdružení HNHRM, NK";"";2;"080,112";"";"D"
457;"Sdružení Nestraníci, NK";"Sdružení Nestraníci, NK";"Sdružení Nestraníci, NK";"";2;"080,181";"";"D"
458;"Sdružení SZ, SN, NK";"Sdružení SZ, SN, NK";"Sdružení SZ, SN, NK";"";3;"005,080,158";"";"D"
459;"Sdružení SZ, US-DEU, NK";"Sdružení SZ, US-DEU, NK";"Sdružení SZ, US-DEU, NK";"";3;"005,080,102";"";"D"
461;"Sdružení NV, NK";"Sdružení NV, NK";"Sdružení NV, NK";"";2;"080,163";"";"D"
462;"Sdružení SNK ED, SD-SN, SOS, SZ, US-DEU, NK";"Sdružení SNK ED, SD-SN, SOS, SZ, US-DEU, NK";"SNK ED,SD-SN,SOS,SZ,US-DEU,NK";"";6;"005,080,102,103,129,143";"";"D"
463;"Sdružení SN, NK";"Sdružení SN, NK";"Sdružení SN, NK";"";2;"080,158";"";"D"
464;"Sdružení Moravané, NK";"Sdružení Moravané, NK";"Sdružení Moravané, NK";"";2;"080,083";"";"D"
465;"Sdružení DEUČR, NK";"Sdružení DEUČR, NK";"Sdružení DEUČR, NK";"";2;"080,157";"";"D"
466;"Sdružení SNK ED, SZ, NK";"Sdružení SNK ED, SZ, NK";"Sdružení SNK ED, SZ, NK";"";3;"005,080,129";"";"D"
467;"Sdružení SZ, NEZ, NK";"Sdružení SZ, NEZ, NK";"Sdružení SZ, NEZ, NK";"";3;"005,080,088";"";"D"
468;"Sdružení MDS, ČSNS2005, SOS, NK";"Sdružení MDS, ČSNS2005, SOS, NK";"Sdružení MDS,ČSNS2005,SOS,NK";"";4;"068,080,103,175";"";"D"
469;"Sdružení US-DEU, SNK ED, NK";"Sdružení US-DEU, SNK ED, NK";"Sdružení US-DEU, SNK ED, NK";"";3;"080,102,129";"";"D"
470;"Sdružení STAN, NK";"Sdružení STAN, NK";"Sdružení STAN, NK";"";2;"080,166";"";"D"
471;"Sdružení ZHN, NK";"Sdružení ZHN, NK";"Sdružení ZHN, NK";"";2;"080,109";"";"D"
472;"Sdružení US-DEU, SOS, NK";"Sdružení US-DEU, SOS, NK";"Sdružení US-DEU, SOS, NK";"";3;"080,102,103";"";"D"
473;"Sdružení KDU-ČSL, ČSSD, US-DEU, NK";"Sdružení KDU-ČSL, ČSSD, US-DEU, NK";"Sdruž.KDU-ČSL,ČSSD,US-DEU,NK";"";4;"001,007,080,102";"";"D"
474;"Sdružení ČSSD, KSČM, NK";"Sdružení ČSSD, KSČM, NK";"Sdružení ČSSD, KSČM, NK";"";3;"007,047,080";"";"D"
475;"Sdružení SLK, NK";"Sdružení SLK, NK";"Sdružení SLK, NK";"";2;"080,703";"";"D"
476;"Sdružení ALTERNATIVA, NK";"Sdružení ALTERNATIVA, NK";"Sdružení ALTERNATIVA, NK";"";2;"080,702";"";"D"
477;"Sdružení Svobodní, NK";"Sdružení Svobodní, NK";"Sdružení Svobodní, NK";"";2;"080,714";"";"D"
478;"Sdružení Nový Impuls, NK";"Sdružení Nový Impuls, NK";"Sdružení Nový Impuls, NK";"";2;"080,726";"";"D"
479;"Sdružení KDU-ČSL, SZ, NK";"Sdružení KDU-ČSL, SZ, NK";"Sdružení KDU-ČSL, SZ, NK";"";3;"001,005,080";"";"D"
480;"Sdružení TOP 09, NK";"Sdružení TOP 09, NK";"Sdružení TOP 09, NK";"";2;"080,721";"";"D"
481;"Sdružení Klíčové hnutí, NK";"Sdružení Klíčové hnutí, NK";"Sdružení KH, NK";"";2;"080,199";"";"D"
482;"Sdružení DSZ, NK";"Sdružení DSZ, NK";"Sdružení DSZ, NK";"";2;"080,715";"";"D"
483;"Sdružení SPO, NK";"Sdružení SPO, NK";"Sdružení SPO, NK";"";2;"080,724";"";"D"
484;"Sdružení SZ, VV, NK";"Sdružení SZ, VV, NK";"Sdružení SZ, VV, NK";"";3;"005,080,144";"";"D"
485;"Sdružení SZ, ALTERNATIVA, Klíčové hnutí, Zelení, NK";"Sdruž.SZ, ALTERNATIVA, Klíčové hnutí, Zelení, NK";"Sdružení SZ, ALTER, KH, Z, NK";"";5;"005,080,177,199,702";"";"D"
486;"Sdružení KDU-ČSL, SNK ED, NK";"Sdružení KDU-ČSL, SNK ED, NK";"Sdružení KDU-ČSL, SNK ED, NK";"";3;"001,080,129";"";"D"
487;"Sdružení SZ, US-DEU, STAN, TOP 09, NK";"Sdružení SZ, US-DEU, STAN, TOP 09, NK";"Sdr.SZ,US-DEU,STAN,TOP 09,NK";"";5;"005,080,102,166,721";"";"D"
488;"Sdružení Věci veřejné, NK";"Sdružení Věci veřejné, NK";"Sdružení VV, NK";"";2;"080,144";"";"D"
489;"Sdružení Strana Práv Občanů, Strana zelených, NK";"Sdruž.Str.Práv Občanů, Str.zelených, NK";"Sdružení SPO, SZ, NK";"";3;"005,080,724";"";"D"
490;"Sdružení ALTER., KČ, SOS, SNK ED, US-DEU, NK";"Sdružení ALTER., KČ, SOS, SNK ED, US-DEU, NK";"ALTER.,KČ,SOS,SNK ED,US-DEU,NK";"";6;"055,080,102,103,129,702";"";"D"
491;"Sdružení Věci veřejné, SNK Evropští demokraté, NK";"Sdružení Věci veřejné, SNK Evropští demokraté, NK";"Sdružení VV, SNK ED, NK";"";3;"080,129,144";"";"D"
492;"Sdružení Severočeši.cz, NK";"Sdružení Severočeši, NK";"Sdružení Severočeši, NK";"";2;"080,704";"";"D"
493;"Sdružení Rozumní, NK";"Sdružení Rozumní, NK";"Sdružení Rozumní, NK";"";2;"080,137";"";"D"
494;"Sdružení KDU-ČSL, US-DEU, SNK ED, NK";"Sdružení KDU-ČSL, US-DEU, SNK ED, NK";"Sdruž.KDU-ČSL,US-DEU,SNK ED,NK";"";4;"001,080,102,129";"";"D"
495;"Sdružení TOP 09, STAN, NK";"Sdružení TOP 09, STAN, NK";"Sdružení TOP 09, STAN, NK";"";3;"080,166,721";"";"D"
496;"Sdružení "HOPB", STAN, NK";"Sdružení "HOPB", STAN, NK";"Sdružení "HOPB", STAN, NK";"";3;"080,166,753";"";"D"
497;"Sdružení SsČR, NK";"Sdružení SsČR, NK";"Sdružení SsČR, NK";"";2;"080,716";"";"D"
498;"Sdružení SNK ED, SsČR, TOP 09, NK";"Sdružení SNK ED, SsČR, TOP 09, NK";"Sdružení SNK ED,SsČR,TOP 09,NK";"";4;"080,129,716,721";"";"D"
499;"Sdružení SLK, KDU-ČSL, NK";"Sdružení SLK, KDU-ČSL, NK";"Sdružení SLK, KDU-ČSL, NK";"";3;"001,080,703";"";"D"
500;"Sdružení KSČM, FiS, NK";"Sdružení KSČM, FiS, NK";"Sdružení KSČM, FiS, NK";"";3;"047,080,169";"";"D"
501;"Sdružení TOP 09, SZ, NK";"Sdružení TOP 09, SZ, NK";"Sdružení TOP 09, SZ, NK";"";3;"005,080,721";"";"D"
502;"Sdružení US-DEU, TOP 09, NK";"Sdružení US-DEU, TOP 09, NK";"Sdružení US-DEU, TOP 09, NK";"";3;"080,102,721";"";"D"
503;"Sdružení S.cz, STAN, NK";"Sdružení S.cz, STAN, NK";"Sdružení S.cz, STAN, NK";"";3;"080,166,704";"";"D"
504;"Sdružení FiS, NK";"Sdružení FiS, NK";"Sdružení FiS, NK";"";2;"080,169";"";"D"
505;"Sdružení KDU-ČSL, Nestran., NK";"Sdružení KDU-ČSL, Nestran., NK";"Sdružení KDU-ČSL,Nestran.,NK";"";3;"001,080,181";"";"D"
506;"Sdružení PVP, NK";"Sdružení PVP, NK";"Sdružení PVP, NK";"";2;"080,111";"";"D"
507;"Sdružení VV, VPM, NK";"Sdružení VV, VPM, NK";"Sdružení VV, VPM, NK";"";3;"080,113,144";"";"D"
508;"Sdružení Republika, NK";"Sdružení Republika, NK";"Sdružení Republika, NK";"";2;"080,1002";"";"D"
509;"Sdružení DOMOV, NK";"Sdružení DOMOV, NK";"Sdružení DOMOV, NK";"";2;"080,155";"";"D"
510;"Sdružení Změna, NK";"Sdružení Změna, NK";"Sdružení Změna, NK";"";2;"080,771";"";"D"
511;"Sdružení ZVUK 12, NK";"Sdružení ZVUK 12, NK";"Sdružení ZVUK 12, NK";"";2;"080,775";"";"D"
512;"Sdružení O.K. strana, NK";"Sdružení O.K. strana, NK";"Sdružení O.K. strana, NK";"";2;"080,1006";"";"D"
513;"Sdružení TOP 09, SLK, NK";"Sdružení TOP 09, SLK, NK";"Sdružení TOP 09, SLK, NK";"";3;"080,703,721";"";"D"
514;"Sdružení ČS, NK";"Sdružení ČS, NK";"Sdružení ČS, NK";"";2;"080,759";"";"D"
515;"Sdružení VČ, NK";"Sdružení VČ, NK";"Sdružení VČ, NK";"";2;"080,770";"";"D"
516;"Sdružení HNPD, NK";"Sdružení HNPD, NK";"Sdružení HNPD, NK";"";2;"080,167";"";"D"
517;"Sdružení SNOP13, NK";"Sdružení SNOP13, NK";"Sdružení SNOP13, NK";"";2;"080,787";"";"D"
518;"Sdružení B10.cz, NK";"Sdružení B10.cz, NK";"Sdružení B10.cz, NK";"";2;"080,747";"";"D"
519;"Sdružení OPAT, NK";"Sdružení OPAT, NK";"Sdružení OPAT, NK";"";2;"080,1022";"";"D"
520;"Sdružení Ú, NK";"Sdružení Ú, NK";"Sdružení Ú, NK";"";2;"080,796";"";"D"
521;"Sdružení SZ, Změna, NK";"Sdružení SZ, Změna, NK";"Sdružení SZ, Změna, NK";"";3;"005,080,771";"";"D"
522;"Sdružení PATRIOTI, NK";"Sdružení PATRIOTI, NK";"Sdružení PATRIOTI, NK";"";2;"080,776";"";"D"
523;"Sdružení ODS, TOP 09, NK";"Sdružení ODS, TOP 09, NK";"Sdružení ODS, TOP 09, NK";"";3;"053,080,721";"";"D"
524;"Sdružení Patrioti ČR, NK";"Sdružení Patrioti ČR, NK";"Sdružení Patrioti ČR, NK";"";2;"080,1004";"";"D"
525;"Sdružení Hora 2014, NK";"Sdružení Hora 2014, NK";"Sdružení Hora 2014, NK";"";2;"080,1024";"";"D"
526;"Sdružení Občané, Piráti, NK";"Sdružení Občané, Piráti, NK";"Sdružení Občané, Piráti, NK";"";3;"080,718,720";"";"D"
527;"Sdružení STO, NK";"Sdružení STO, NK";"Sdružení STO, NK";"";2;"080,779";"";"D"
528;"Sdružení SZ, Moravané, NK";"Sdružení SZ, Moravané, NK";"Sdružení SZ, Moravané, NK";"";3;"005,080,083";"";"D"
529;"Sdružení SZ, Piráti, NK";"Sdružení SZ, Piráti, NK";"Sdružení SZ, Piráti, NK";"";3;"005,080,720";"";"D"
530;"Sdružení NOS, NK";"Sdružení NOS, NK";"Sdružení NOS, NK";"";2;"080,793";"";"D"
531;"Sdružení AO, NK";"Sdružení AO, NK";"Sdružení AO, NK";"";2;"080,183";"";"D"
532;"Sdružení ANO 2011, NK";"Sdružení ANO 2011, NK";"Sdružení ANO 2011, NK";"";2;"080,768";"";"D"
533;"Sdružení KSČM, SPO, NK";"Sdružení KSČM, SPO, NK";"Sdružení KSČM, SPO, NK";"";3;"047,080,724";"";"D"
534;"Sdružení SZ, VPM, STAN, NK";"Sdružení SZ, VPM, STAN, NK";"Sdružení SZ, VPM, STAN, NK";"";4;"005,080,113,166";"";"D"
535;"Sdružení KDU-ČSL, Piráti, LES, NK";"Sdružení KDU-ČSL, Piráti, LES, NK";"Sdružení KDU-ČSL,Piráti,LES,NK";"";4;"001,080,720,795";"";"D"
536;"Sdružení NS, NK";"Sdružení NS, NK";"Sdružení NS, NK";"";2;"080,1017";"";"D"
537;"Sdružení FairPlay, NK";"Sdružení FairPlay, NK";"Sdružení FairPlay, NK";"";2;"080,782";"";"D"
538;"Sdružení ČSR, NK";"Sdružení ČSR, NK";"Sdružení ČSR, NK";"";2;"080,756";"";"D"
539;"Sdružení SZ, Moravané, Změna, NK";"Sdružení SZ, Moravané, Změna, NK";"Sdružení SZ,Moravané,Změna,NK";"";4;"005,080,083,771";"";"D"
540;"Sdružení KDU-ČSL, TOP 09, NK";"Sdružení KDU-ČSL, TOP 09, NK";"Sdružení KDU-ČSL, TOP 09, NK";"";3;"001,080,721";"";"D"
541;"Sdružení Piráti, NK";"Sdružení Piráti, NK";"Sdružení Piráti, NK";"";2;"080,720";"";"D"
542;"Sdružení Svobodní, PATRIOTI, NK";"Sdružení Svobodní, PATRIOTI, NK";"Sdružení Svobodní,PATRIOTI,NK";"";3;"080,714,776";"";"D"
543;"Sdružení LES, NK";"Sdružení LES, NK";"Sdružení LES, NK";"";2;"080,795";"";"D"
544;"Sdružení HDK, NK";"Sdružení HDK, NK";"Sdružení HDK, NK";"";2;"080,1049";"";"D"
545;"Sdružení KPP, NK";"Sdružení KPP, NK";"Sdružení KPP, NK";"";2;"080,739";"";"D"
546;"Sdružení LEV 21, NK";"Sdružení LEV 21, NK";"Sdružení LEV 21, NK";"";2;"080,764";"";"D"
547;"Sdružení VZ, NK";"Sdružení VZ, NK";"Sdružení VZ, NK";"";2;"080,1045";"";"D"
548;"Sdružení VIZE, NK";"Sdružení VIZE, NK";"Sdružení VIZE, NK";"";2;"080,769";"";"D"
549;"Sdružení Občané, NK";"Sdružení Občané, NK";"Sdružení Občané, NK";"";2;"080,718";"";"D"
550;"Sdružení NBPLK, NK";"Sdružení NBPLK, NK";"Sdružení NBPLK, NK";"";2;"080,780";"";"D"
551;"Sdružení HPP, NK";"Sdružení HPP, NK";"Sdružení HPP, NK";"";2;"080,791";"";"D"
552;"Sdružení Piráti, LES, NK";"Sdružení Piráti, LES, NK";"Sdružení Piráti, LES, NK";"";3;"080,720,795";"";"D"
553;"Sdružení KDU-ČSL, KONS, Rozumní, NK";"Sdružení KDU-ČSL, KONS, Rozumní, NK";"Sdruž. KDU-ČSL,KONS,Rozumní,NK";"";4;"001,024,080,137";"";"D"
554;"Sdružení Úsvit, NK";"Sdružení Úsvit, NK";"Sdružení Úsvit, NK";"";2;"080,792";"";"D"
555;"Sdružení DOMA, NK";"Sdružení DOMA, NK";"Sdružení DOMA, NK";"";2;"080,1061";"";"D"
556;"Sdružení PRO, NK";"Sdružení PRO, NK";"Sdružení PRO, NK";"";2;"080,774";"";"D"
557;"Sdružení "Z", NK";"Sdružení "Z", NK";"Sdružení "Z", NK";"";2;"080,177";"";"D"
558;"Sdružení ŽTB, NK";"Sdružení ŽTB, NK";"Sdružení ŽTB, NK";"";2;"080,1026";"";"D"
559;"Sdružení KDU-ČSL, NEZ, NK";"Sdružení KDU-ČSL, NEZ, NK";"Sdružení KDU-ČSL, NEZ, NK";"";3;"001,080,088";"";"D"
560;"Sdružení SD-SN, Patrioti ČR, NK";"Sdružení SD-SN, Patrioti ČR, NK";"Sdružení SD-SN,Patrioti ČR,NK";"";3;"080,143,1004";"";"D"
561;"Sdružení SNK ED, SD-SN, NK";"Sdružení SNK ED, SD-SN, NK";"Sdružení SNK ED, SD-SN, NK";"";3;"080,129,143";"";"D"
562;"Sdružení SZ, STAN, Piráti, NK";"Sdružení SZ, STAN, Piráti, NK";"Sdružení SZ, STAN, Piráti, NK";"";4;"005,080,166,720";"";"D"
563;"Sdružení ODS, Úsvit, NK";"Sdružení ODS, Úsvit, NK";"Sdružení ODS, Úsvit, NK";"";3;"080,053,792";"";"D"
565;"Sdružení Úsvit, VZ, NK";"Sdružení Úsvit, VZ, NK";"Sdružení Úsvit, VZ, NK";"";3;"080,792,1045";"";"D"
566;"Sdružení PSZ, NK";"Sdružení PSZ, NK";"Sdružení PSZ, NK";"";2;"080,785";"";"D"
567;"Sdružení SZ, STAN, NK";"Sdružení SZ, STAN, NK";"Sdružení SZ, STAN, NK";"";3;"005,080,166";"";"D"
568;"Sdružení KDU-ČSL, LES, NK";"Sdružení KDU-ČSL, LES, NK";"Sdružení KDU-ČSL, LES, NK";"";3;"001,080,795";"";"D"
569;"Sdružení KDU-ČSL, SZ, STAN, NK";"Sdružení KDU-ČSL, SZ, STAN, NK";"Sdružení KDU-ČSL, SZ, STAN, NK";"";4;"001,005,080,166";"";"D"
570;"Sdružení SZ, LES, NK";"Sdružení SZ, LES, NK";"Sdružení SZ, LES, NK";"";3;"005,080,795";"";"D"
571;"Sdružení KDU-ČSL, Piráti, NK";"Sdružení KDU-ČSL, Piráti, NK";"Sdružení KDU-ČSL, Piráti, NK";"";3;"001,080,720";"";"D"
572;"Sdružení KDU-ČSL, ZVUK 12, NK";"Sdružení KDU-ČSL, ZVUK 12, NK";"Sdružení KDU-ČSL, ZVUK 12, NK";"";3;"001,080,775";"";"D"
573;"Sdružení ČSSD, SPO, NK";"Sdružení ČSSD, SPO, NK";"Sdružení ČSSD, SPO, NK";"";3;"007,080,724";"";"D"
574;"Sdružení SZ, SNK ED, Piráti, NK";"Sdružení SZ, SNK ED, Piráti, NK";"Sdružení SZ,SNK ED,Piráti,NK";"";4;"005,080,129,720";"";"D"
576;"Koalice Strana práce a Nespokojení občané!";"Koalice SP a NO!";"Koalice SP a NO!";"Koal.  SP a NO!";2;"159,197";"Koalice SP a NO!";"K"
577;"Koalice STAN, SLK, TOP 09";"Koalice STAN, SLK, TOP 09";"Koalice STAN, SLK, TOP 09";"STSLKTOP";3;"166,703,721";"";"K"
578;"Koalice KDU-ČSL, SZ, OCJJ";"Koalice KDU-ČSL, SZ, OCJJ";"Koalice KDU-ČSL, SZ, OCJJ";"KDUSZOCJ";3;"001,005,743";"";"K"
579;"Koalice SZ, HNHRM, B10.cz";"Koalice SZ, HNHRM, B10.cz";"Koalice SZ, HNHRM, B10.cz";"SZ+HNHRM+B10.cz";3;"005,112,747";"";"K"
580;"Koalice Občané, SP, OBČ_2011";"Koalice Občané, SP, OBČ_2011";"Koalice Občané, SP, OBČ_2011";"ObčanéSP";3;"159,718,762";"";"K"
581;"Koalice SNK ED a SZSP";"Koalice SNK ED a SZSP";"Koalice SNK ED a SZSP";"NKEDSZSP";2;"129,142";"";"K"
582;"Koalice SPO a Češi";"Koalice SPO a Češi";"Koalice SPO a Češi";"SPO+Češi";2;"724,777";"";"K"
583;"Koalice MDS a ZH";"Koalice MDS a ZH";"Koalice MDS a ZH";"MDS+ZH";2;"068,752";"";"K"
584;"Koalice SZ a Změna";"Koalice SZ a Změna";"Koalice SZ a Změna";"SZ+Změna";2;"005,771";"";"K"
585;"Koalice KDU-ČSL a SsČR";"Koalice KDU-ČSL a SsČR";"Koalice KDU-ČSL a SsČR";"KDUČSLSs";2;"001,716";"";"K"
586;"Koalice KONS a ČS";"Koalice KONS a ČS";"Koalice KONS a ČS";"KONS+ČS";2;"024,759";"";"K"
587;"Koalice KONS a SsČR";"Koalice KONS a SsČR";"Koalice KONS a SsČR";"KONSSsČR";2;"024,716";"";"K"
588;"Koalice ZHN a Doktoři";"Koalice ZHN a Doktoři";"Koalice ZHN a Doktoři";"ZHN+Dokt";2;"109,701";"";"K"
589;"Koalice SNK ED a SsČR";"Koalice SNK ED a SsČR";"Koalice SNK ED a SsČR";"SNKED+Ss";2;"129,716";"";"K"
590;"Koalice SNK ED a ALTERNATIVA";"Koalice SNK ED a ALTERNATIVA";"Koalice SNK ED a ALTERNATIVA";"SNKED+AL";2;"129,702";"";"K"
591;"Koalice KDU-ČSL, Nestraníci, SsČR";"Koalice KDU-ČSL, Nestraníci, SsČR";"Koalice KDU-ČSL,Nestran.,SsČR";"KDUNesSs";3;"001,181,716";"";"K"
592;"Koalice SNK ED a ML";"Koalice SNK ED a ML";"Koalice SNK ED a ML";"SNKED+ML";2;"129,147";"";"K"
593;"Koalice SNK ED a Nestraníci";"Koalice SNK ED a Nestraníci";"Koalice SNK ED a Nestraníci";"SNKED+NE";2;"129,181";"";"K"
594;"Koalice KDU-ČSL a NV";"Koalice KDU-ČSL a NV";"Koalice KDU-ČSL a NV";"KDU+NV";2;"001,163";"";"K"
595;"Koalice KDU-ČSL, SZ, Piráti";"Koalice KDU-ČSL, SZ, Piráti";"Koalice KDU-ČSL, SZ, Piráti";"PirSZKDU";3;"001,005,720";"";"K"
596;"Koalice STAN a "HOPB"";"Koalice STAN a "HOPB"";"Koalice STAN a "HOPB"";"STANHOPB";2;"166,753";"";"K"
597;"Koalice ČSNS a KAN";"Koalice ČSNS a KAN";"Koalice ČSNS a KAN";"ČSNS+KAN";2;"002,040";"";"K"
598;"Koalice SBB a Rozumní";"Koalice SBB a Rozumní";"Koalice SBB a Rozumní";"SBB+Rozumní";2;"137,759";"";"K"
599;"Koalice KDU-ČSL, SZ, HNHRM";"Koalice KDU-ČSL, SZ, HNHRM";"Koalice KDU-ČSL, SZ, HNHRM";"KDUSZHRM";3;"001,005,112";"";"K"
600;"Dělnická strana sociální spravedlnosti - Imigranty a islám v ČR nechceme!";"Koalice DSSS a NF";"Koalice DSSS a NF";"DSSS+NF";2;"156,761";"";"K"
601;"Koalice SONOB, Z";"Koalice SONOB, Z";"Koalice SONOB, Z";"";2;"148,177";"";"K"
602;"Koalice DS, ND";"Koalice DS, ND";"Koalice DS, ND";"";2;"079,153";"";"K"
603;"Koalice DRS, KDU-ČSL";"Koalice DRS, KDU-ČSL";"Koalice DRS, KDU-ČSL";"";2;"001,110";"";"K"
604;"Koalice pro Českou republiku";"Koalice pro Českou republiku";"Koalice pro Českou republiku";"Koal_ČR";6;"002,009,040,157,159,178";"";"K"
605;"Koalice SNK ED, KONS";"Koalice SNK ED, KONS";"Koalice SNK ED, KONS";"";2;"024,129";"";"K"
606;"Koalice VPM, US-DEU";"Koalice VPM, US-DEU";"Koalice VPM, US-DEU";"";2;"102,113";"";"K"
607;"Koalice US-DEU, SZ, ODA, KONS, ČSNS2005";"Koalice US-DEU, SZ, ODA, KONS, ČSNS2005";"K.US-DEU,SZ,ODA,KONS,ČSNS2005";"";5;"005,013,024,102,175";"";"K"
608;"Koalice KDU-ČSL, USZ";"Koalice KDU-ČSL, USZ";"Koalice KDU-ČSL, USZ";"";2;"001,119";"";"K"
609;"Unie Prahy 4";"Unie Prahy 4";"Unie Prahy 4";"Unie_P4";3;"001,102,129";"";"K"
610;"Koalice DEUČR, ODA, KAN";"Koalice DEUČR, ODA, KAN";"Koalice DEUČR, ODA, KAN";"";3;"013,040,157";"";"K"
611;"Koalice SZ, NV";"Koalice SZ,NV";"Koalice SZ, NV";"";2;"005,163";"";"K"
612;"Koalice SNK ED, NEZ";"Koalice SNK ED, NEZ";"Koalice SNK ED, NEZ";"";2;"088,129";"";"K"
613;"Koalice SZ, US-DEU, SNK ED";"Koalice SZ, US-DEU, SNK ED";"Koalice SZ, US-DEU, SNK ED";"";3;"005,102,129";"";"K"
614;"Koalice US-DEU, NEZ/DEM";"Koalice US-DEU, NEZ/DEM";"Koalice US-DEU, NEZ/DEM";"";2;"102,172";"";"K"
615;"Koalice KONS, KČ, SP";"Koalice KONS, KČ, SP";"Koalice KONS, KČ, SP";"";3;"024,055,159";"";"K"
616;"Koalice Z, ODA, US-DEU";"Koalice Z, ODA, US-DEU";"Koalice Z, ODA, US-DEU";"";3;"013,102,177";"";"K"
617;"Koalice ODS, SNK ED";"Koalice ODS, SNK ED";"Koalice ODS, SNK ED";"";2;"053,129";"";"K"
618;"Koalice ODH, SNK ED";"Koalice ODH, SNK ED,";"Koalice ODH, SNK ED";"";2;"129,168";"";"K"
620;"Koalice SOS, SNK ED, Z";"Koalice SOS, SNK ED, Z";"Koalice SOS, SNK ED, Z";"";3;"103,129,177";"";"K"
621;"Koalice SOS, LIB";"Koalice SOS, LIB";"Koalice SOS, LIB";"";2;"103,138";"";"K"
623;"Koalice NEZ, SZ";"Koalice NEZ, SZ";"Koalice NEZ, SZ";"";2;"005,088";"";"K"
624;"Koalice ČSSD, ČSNS2005";"Koalice ČSSD, ČSNS2005";"Koalice ČSSD, ČSNS2005";"";2;"007,175";"";"K"
628;""DOHODA PRO JIŽNÍ MORAVU"";""DOHODA PRO JIŽNÍ MORAVU"";""DOHODA PRO JIŽNÍ MORAVU"";"DOHODAJM";13;"002,009,040,132,159,165,167,172,176,178,701,706,707";"";"K"
629;"Strana zdravého rozumu a Česká strana národně socialistická";"Koalice Rozumní, ČSNS2005";"Koalice Rozumní, ČSNS2005";"Rozum.+ČSNS2005";2;"137,175";"";"K"
631;"Nejen hasiči a živnostníci pro kraj - www.hnpd.cz, www.sdzp.cz";"Nejen has.a živn.pro kraj-www.hnpd.cz,www.sdzp.cz";"Nejen hasiči a živn.pro kraj";"HAS+ŽIVN";2;"165,167";"";"K"
632;"Dělnická strana - za zrušení poplatků ve zdravotnictví";"Dělnická strana-za zrušení poplatků ve zdravotn.";"Děln.str.-zrušení popl.ve zdr.";"DS_POPL";2;"153,156";"";"K"
633;"Dohoda pro změnu";"Dohoda pro změnu";"Dohoda pro změnu";"PROZMENU";4;"002,055,137,178";"";"K"
634;"Alternativa 2008";"Alternativa 2008";"Alternativa 2008";"Alt_2008";3;"102,103,138";"";"K"
635;"Konzervativní koalice";"Konzervativní koalice";"Konzervativní koalice";"KONZKOAL";4;"021,024,055,079";"";"K"
636;"DOHODA pro Ústecký kraj";"DOHODA pro Ústecký kraj";"DOHODA pro Ústecký kraj";"DOHODA_Ú";2;"102,138";"";"K"
637;"Koalice nestraníků";"Koalice nestraníků";"Koalice nestraníků";"KOALNEST";2;"158,181";"";"K"
639;"Šance pro náš kraj";"Šance pro náš kraj";"Šance pro náš kraj";"ŠANCE_OL";3;"102,103,129";"";"K"
640;"STŘEDOČEŠI";"STŘEDOČEŠI";"STŘEDOČEŠI";"STŘEDOČ.";3;"040,102,103";"";"K"
641;"Koalice US-DEU a SOS";"Koalice US-DEU a SOS";"Koalice US-DEU a SOS";"USDEUSOS";2;"102,103";"";"K"
642;"DOHODA pro Vysočinu";"DOHODA pro Vysočinu";"DOHODA pro Vysočinu";"DOHODAVY";3;"102,132,159";"";"K"
643;"STAROSTOVÉ A NEZÁVISLÍ a Zlínské hnutí nezávislých";"STAROSTOVÉ A NEZÁVISLÍ a Zlínské hnutí nezávislých";"STAROSTOVÉ A ZHN";"STAN+ZHN";2;"109,166";"";"K"
644;"Koalice US-DEU, SOS a VPM";"Koalice US-DEU, SOS a VPM";"Koalice US-DEU, SOS a VPM";"USSOSVPM";3;"102,103,113";"";"K"
649;"Koalice US-DEU a KAN";"Koalice US-DEU a KAN";"Koalice US-DEU a KAN";"USDEUKAN";2;"040,102";"";"K"
654;"Suverenita";"Suverenita";"Suverenita";"Suveren.";2;"137,192";"";"K"
656;""STAROSTOVÉ A NEZÁVISLÍ - VAŠE ALTERNATIVA"";""STAROSTOVÉ A NEZÁVISLÍ - VAŠE ALTERNATIVA"";""STAR.A NEZ.-VAŠE ALTERNATIVA"";"VAŠEALT.";2;"166,702";"";"K"
657;"Koalice Rozumní a NEZ/DEM";"Koalice Rozumní a NEZ/DEM";"Koalice Rozumní a NEZ/DEM";"";2;"137,172";"";"K"
659;"Koalice STAN, TOP 09";"Koalice STAN, TOP 09";"Koalice STAN, TOP 09";"TOP+STAN";2;"166,721";"";"K"
660;"Koalice TOP 09 a SLK";"Koalice TOP 09 a SLK";"Koalice TOP 09 a SLK";"";2;"703,721";"";"K"
661;"Koalice SPO a SZ";"Koalice SPO a SZ";"Koalice SPO a SZ";"";2;"005,724";"";"K"
663;"Koalice SNK ED a VV";"Koalice SNK ED a VV";"Koalice SNK ED a VV";"";2;"129,144";"";"K"
664;"Koalice VPM a VV";"Koalice VPM a VV";"Koalice VPM a VV";"";2;"113,144";"";"K"
665;"Koalice SZ, US-DEU a TOP 09";"Koalice SZ, US-DEU a TOP 09";"Koalice SZ, US-DEU a TOP 09";"";3;"005,102,721";"";"K"
666;"Koalice DOMOV a Pražané za svá práva";"Koalice DOMOV a Pražané za svá práva";"Koalice DOMOV a PP";"";2;"155,744";"";"K"
667;"Koalice KDU-ČSL, SZ, KONS, KAN, Rozumní, ČPS";"Koalice KDU-ČSL, SZ, KONS, KAN, Rozumní, ČPS";"KDU-ČSL,SZ,KONS,KAN,Rozum.,ČPS";"";6;"001,005,024,040,137,720";"";"K"
668;"Koalice KDU-ČSL, HNHRM";"Koalice KDU-ČSL, HNHRM";"Koalice KDU-ČSL, HNHRM";"";2;"001,112";"";"K"
669;"Koalice SZ, Rozumní a SPO";"Koalice SZ, Rozumní a SPO";"Koalice SZ, Rozumní a SPO";"";3;"005,137,724";"";"K"
670;"Koalice VV, SZ a NV";"Koalice VV, SZ a NV";"Koalice VV, SZ a NV";"";3;"005,144,163";"";"K"
671;"Koalice DSZ a SPO";"Koalice DSZ a SPO";"Koalice DSZ a SPO";"";2;"715,724";"";"K"
672;"Koalice VPM a STAN";"Koalice VPM a STAN";"Koalice VPM a STAN";"";2;"113,166";"";"K"
673;"Koalice DRS, TOP 09 a Věci veřejné";"Koalice DRS, TOP 09 a Věci veřejné";"Koalice DRS, TOP 09 a VV";"";3;"110,144,721";"";"K"
674;"Koalice TOP 09 a Věci veřejné";"Koalice TOP 09 a Věci veřejné";"Koalice TOP 09 a VV";"";2;"144,721";"";"K"
676;"Koalice KDU-ČSL, SZ, NEZ a US-DEU";"Koalice KDU-ČSL, SZ, NEZ a US-DEU";"Koalice KDU-ČSL,SZ,NEZ,US-DEU";"";4;"001,005,088,102";"";"K"
677;"Koalice Moravané, ČSNS2005";"Koalice Moravané, ČSNS2005";"Koalice Moravané, ČSNS2005";"";2;"083,175";"";"K"
678;"Koalice Senátor pro Ostravu";"Koalice Senátor pro Ostravu";"Koalice Senátor pro Ostravu";"ProOstr.";6;"024,040,068,159,200,706";"";"K"
679;"Koalice Rozumní a SPO";"Koalice Rozumní a SPO";"Koalice Rozumní a SPO";"Rozumní+SPO";2;"137,724";"";"K"
680;"Koalice HpT a SZ";"Koalice HpT a SZ";"Koalice HpT a SZ";"";2;"005,174";"";"K"
681;"Koalice NEZÁVISLÍ a SPO";"Koalice NEZÁVISLÍ a SPO";"Koalice NEZÁVISLÍ a SPO";"";2;"088,724";"";"K"
682;"Koalice ČSSD a SPO";"Koalice ČSSD a SPO";"Koalice ČSSD a SPO";"";2;"007,724";"";"K"
683;"Koalice KDU-ČSL, Rozumní a ČPS";"Koalice KDU-ČSL, Rozumní a ČPS";"Koalice KDU-ČSL, Rozumní a ČPS";"";3;"001,137,720";"";"K"
684;"Koalice Svobodní a ČPS";"Koalice Svobodní a ČPS";"Koalice Svobodní a ČPS";"";2;"714,720";"";"K"
685;"Koalice KONS, SZ a US-DEU";"Koalice KONS, SZ a US-DEU";"Koalice KONS, SZ a US-DEU";"";3;"005,024,102";"";"K"
686;"Koalice HNHRM a TOP 09";"Koalice HNHRM a TOP 09";"Koalice HNHRM a TOP 09";"";2;"112,721";"";"K"
687;"Koalice TOP 09 a ODS";"Koalice TOP 09 a ODS";"Koalice TOP 09 a ODS";"";2;"053,721";"";"K"
688;"Koalice KDU-ČSL a EDS";"Koalice KDU-ČSL a EDS";"Koalice KDU-ČSL a EDS";"";2;"001,709";"";"K"
689;"Koalice Rozumní a DSZ";"Koalice Rozumní a DSZ";"Koalice Rozumní a DSZ";"";2;"137,715";"";"K"
690;"Koalice KDU-ČSL a Zelení";"Koalice KDU-ČSL a Zelení";"Koalice KDU-ČSL a Zelení";"";2;"001,177";"";"K"
691;"Koalice SNK ED a Suveren.";"Koalice SNK ED a Suveren.";"Koalice SNK ED a Suveren.";"";2;"129,137";"";"K"
692;"Koalice SONOB, SOSPRAHA a Občané";"Koalice SONOB, SOSPRAHA a Občané";"Koalice SONOB,SOSPRAHA,Občané";"";3;"148,176,718";"";"K"
693;"Koalice Moravané a Rozumní";"Koalice Moravané a Rozumní";"Koalice Moravané a Rozumní";"";2;"083,137";"";"K"
694;"Koalice KDU-ČSL a SN";"Koalice KDU-ČSL a SN";"Koalice KDU-ČSL a SN";"";2;"001,158";"";"K"
695;"Koalice ALTER. a Občané";"Koalice ALTER. a Občané";"Koalice ALTER. a Občané";"ALTER+OB";2;"702,718";"";"K"
696;"Lepší Kladno";"Lepší Kladno";"Lepší Kladno";"OBČ+KAN";2;"040,718";"";"K"
698;"Koalice Česká strana regionů a VÝCHODOČEŠI";"Koalice Česká strana regionů a VÝCHODOČEŠI";"Koalice Čes.str.reg. a VÝCHOD.";"ČSR+VČ";2;"756,770";"";"K"
699;"Koalice KDU-ČSL, SZ, ČSSD";"Koalice KDU-ČSL, SZ, ČSSD";"Koalice KDU-ČSL, SZ, ČSSD";"ČSSDKDSZ";3;"001,005,007";"";"K"
700;"Koalice ČS a DOMOV";"Koalice ČS a DOMOV";"Koalice ČS a DOMOV";"ČS+DOMOV";2;"155,759";"";"K"
701;"Doktoři (za uzdravení společnosti)";"Doktoři (za uzdravení společnosti)";"Doktoři (za uzdravení společ.)";"Doktoři";1;"701";"Doktoři";"S"
702;"ALTERNATIVA";"ALTERNATIVA";"ALTERNATIVA";"ALTERNATIVA";1;"702";"ALTERNATIVA";"S"
703;"Starostové pro Liberecký kraj";"Starostové pro Liberecký kraj";"Starostové pro Liberecký kraj";"SLK";1;"703";"SLK";"S"
704;"Severočeši.cz";"Severočeši.cz";"Severočeši.cz";"S.cz";1;"704";"S.cz";"S"
705;"Strana podnikatelů a živnostníků";"Strana podnikatelů a živnostníků";"Str.podnikatelů a živnostníků";""SPŽ"";1;"705";""SPŽ"";"S"
706;"Nezávislí starostové";"Nezávislí starostové";"Nezávislí starostové";"NEST";1;"706";"NEST";"S"
707;""Evropští demokraté za právo, morálku a spravedlnost"";""Evrop.demokraté za právo, morálku a spravedlnost"";""Evr.dem.za pr.,morál.,sprav."";"ED-MS";1;"707";"";"S"
708;"Strana pro ekologii a zdraví";"Strana pro ekologii a zdraví";"Strana pro ekologii a zdraví";"SEZ";1;"708";"SEZ";"S"
709;"Evropská demokratická strana";"Evropská demokratická strana";"Evropská demokratická strana";"EDS";1;"709";"EDS";"S"
710;"Liga spořádaných lidí";"Liga spořádaných lidí";"Liga spořádaných lidí";"LSL";1;"710";"LSL";"S"
711;"Lidé a Politika";"Lidé a Politika";"Lidé a Politika";"LAP";1;"711";"LAP";"S"
712;""Mírové hnutí 2007"";""Mírové hnutí 2007"";""Mírové hnutí 2007"";""MH-2007"";1;"712";""MH-2007"";"S"
713;"Libertas.cz";"Libertas.cz";"Libertas.cz";"Libertas";1;"713";"Libertas";"S"
714;"Strana svobodných občanů";"Strana svobodných občanů";"Strana svobodných občanů";"Svobodní";1;"714";"Svobodní";"S"
715;"Demokratická strana zelených";"Demokratická strana zelených";"Demokratická strana zelených";"DSZ";1;"715";"DSZ";"S"
716;"Strana soukromníků České republiky";"Strana soukromníků České republiky";"Strana soukromníků ČR";"Soukromníci";1;"716";"Soukromníci";"S"
717;"ČESKÝ POLITICKÝ STŘED";"ČESKÝ POLITICKÝ STŘED";"ČESKÝ POLITICKÝ STŘED";"ČPST";1;"717";"ČPST";"S"
718;"OBČANÉ.CZ";"OBČANÉ.CZ";"OBČANÉ.CZ";"Občané";1;"718";"Občané";"S"
719;"Hnutí Za Telefonování Zdarma";"Hnutí Za Telefonování Zdarma";"Hnutí Za Telefonování Zdarma";"HZTZ.CZ";1;"719";"HZTZ.CZ";"S"
720;"Česká pirátská strana";"Česká pirátská strana";"Česká pirátská strana";"Piráti";1;"720";"Piráti";"S"
721;"TOP 09";"TOP 09";"TOP 09";"TOP 09";1;"721";"TOP 09";"S"
722;"Česká realistická strana";"Česká realistická strana";"Česká realistická strana";"ČRS";1;"722";"ČRS";"S"
723;"STOP";"STOP";"STOP";"STOP";1;"723";"STOP";"S"
724;"Strana Práv Občanů";"Strana Práv Občanů";"Strana Práv Občanů";"SPO";1;"724";"SPO";"S"
725;"Victoria.cz";"Victoria.cz";"Victoria.cz";"Victoria";1;"725";"Victoria";"S"
726;"Nový Impuls";"Nový Impuls";"Nový Impuls";"NI";1;"726";"NI";"S"
727;"VOLBA PRO KLADNO";"VOLBA PRO KLADNO";"VOLBA PRO KLADNO";"VPK";1;"727";"VPK";"S"
728;"Pro Třebíč";"Pro Třebíč";"Pro Třebíč";"ProTR";1;"728";"ProTR";"S"
729;"POLITIKA TRADIČNÍCH HODNOT";"POLITIKA TRADIČNÍCH HODNOT";"POLITIKA TRADIČNÍCH HODNOT";"PTH";1;"729";"PTH";"S"
730;"Nová budoucnost";"Nová budoucnost";"Nová budoucnost";"NB";1;"730";"NB";"S"
731;"Ženy za Brod";"Ženy za Brod";"Ženy za Brod";"ŽB";1;"731";"ŽB";"S"
732;"NÁŠ HLUČÍN";"NÁŠ HLUČÍN";"NÁŠ HLUČÍN";"NH";1;"732";"NH";"S"
733;""Volím Orlovou"";""Volím Orlovou"";""Volím Orlovou"";""VO"";1;"733";""VO"";"S"
734;"Občané městu, město občanům";"Občané městu, město občanům";"Občané městu, město občanům";"OMMO";1;"734";"OMMO";"S"
735;"Nezávislí pro Bílinu";"Nezávislí pro Bílinu";"Nezávislí pro Bílinu";"N-BÍLINA";1;"735";"NEZÁVISLÍ-BÍLINA";"S"
736;"SDRUŽENÍ PRO REPUBLIKU - REPUBLIKÁNSKÁ STRANA ČECH, MORAVY A SLEZSKA";"SDR.PRO REP.-REPUBLIKÁNSKÁ STR.ČECH,MORAVY,SLEZSKA";"SPR-REP.STR.ČECH,MORAVY,SLEZ.";"SPR-RSČMS";1;"736";"SPR-RSČMS";"S"
737;"ČESKÁ NEZÁVISLÁ";"ČESKÁ NEZÁVISLÁ";"ČESKÁ NEZÁVISLÁ";""ČNEZ"";1;"737";""ČNEZ"";"S"
738;"Jundrováci";"Jundrováci";"Jundrováci";"Jundrováci";1;"738";"Jundrováci";"S"
739;"Královopolští patrioti";"Královopolští patrioti";"Královopolští patrioti";"KPP";1;"739";"KPP";"S"
740;"Strana demokratické obnovy";"Strana demokratické obnovy";"Strana demokratické obnovy";"SDeO";1;"740";"SDeO";"S"
741;"Hnutí nezávislých za všestranný rozvoj Slatiny";"Hnutí nezávislých za všestranný rozvoj Slatiny";"Hn.nez.za všestr.rozv.Slatiny";"HNVRS";1;"741";"HNVRS";"S"
742;"Strakonická Veřejnost";"Strakonická Veřejnost";"Strakonická Veřejnost";"SV";1;"742";"SV";"S"
743;"Hnutí O co jim jde?!";"Hnutí O co jim jde?!";"Hnutí O co jim jde?!";"OCJJ";1;"743";"OCJJ";"S"
744;"Pražané za svá práva";"Pražané za svá práva";"Pražané za svá práva";"PP";1;"744";"PP";"S"
745;"Bílinští sociální demokraté";"Bílinští sociální demokraté";"Bílinští sociální demokraté";"BSD";1;"745";"BSD";"S"
746;"OSMA - občané svému městu";"OSMA - občané svému městu";"OSMA - občané svému městu";"OSMA";1;"746";"OSMA";"S"
747;"ProKraj";"ProKraj";"ProKraj";"ProKraj";1;"747";"ProKraj";"S"
748;"Společnost pro Třinec";"Společnost pro Třinec";"Společnost pro Třinec";"SpT";1;"748";"SpT";"S"
749;"Konzervativní aliance 2014";"Konzervativní aliance 2014";"Konzervativní aliance 2014";"KA14";1;"749";"KA14";"S"
750;"Desítka pro domácí";"Desítka pro domácí";"Desítka pro domácí";"DPD";1;"750";"DPD";"S"
751;"VLASTENECKÁ STRANA";"VLASTENECKÁ STRANA";"VLASTENECKÁ STRANA";"VS";1;"751";"VS";"S"
752;"Zdravé Hradiště";"Zdravé Hradiště";"Zdravé Hradiště";"ZH";1;"752";"ZH";"S"
753;"Občané pro Budějovice";"Občané pro Budějovice";"Občané pro Budějovice";"HOPB";1;"753";"HOPB";"S"
754;"Občanské hnutí pro Mimoň";"Občanské hnutí pro Mimoň";"Občanské hnutí pro Mimoň";"OHM";1;"754";"OHM";"S"
755;"Ostravak";"Ostravak";"Ostravak";"Ostravak";1;"755";"Ostravak";"S"
756;"Česká strana regionů";"Česká strana regionů";"Česká strana regionů";"ČSR";1;"756";"ČSR";"S"
757;"Sdružení nezávislých Holešovska";"Sdružení nezávislých Holešovska";"Sdruž.nezávislých Holešovska";"SNH";1;"757";"SNH";"S"
758;"Naše Beskydy";"Naše Beskydy";"Naše Beskydy";"NBeskydy";1;"758";"NBeskydy";"S"
759;"Česká Suverenita";"Česká Suverenita";"Česká Suverenita";"ČS";1;"759";"ČS";"S"
760;"Lidové fórum";"Lidové fórum";"Lidové fórum";"LF";1;"760";"LF";"S"
761;"NÁRODNÍ FRONTA";"NÁRODNÍ FRONTA";"NÁRODNÍ FRONTA";"NF";1;"761";"NF";"S"
762;"OBČANÉ 2011-SPRAVEDLNOST PRO LIDI";"OBČANÉ 2011-SPRAVEDLNOST PRO LIDI";"OBČANÉ 2011-SPRAVEDL. PRO LIDI";"OBČANÉ 2011";1;"762";"OBČANÉ 2011";"S"
763;"Strana Globální Odpovědnosti";"Strana Globální Odpovědnosti";"Strana Globální Odpovědnosti";"SGO";1;"763";"SGO";"S"
764;"Národní socialisté";"Národní socialisté";"Národní socialisté";"NÁR.SOC.";1;"764";"NÁR.SOC.";"S"
765;"Strana přátel časop.MAXIM a jejich přátel za max.svobodu projevu,za vybudování mocné armády a život bez zbyteč.zákazů";"Strana přátel časop.MAXIM za maxim.svobodu projevu";"Strana přátel časopisu MAXIM";""MAXIM"";1;"765";""MAXIM"";"S"
766;"JIHOČEŠI 2012";"JIHOČEŠI 2012";"JIHOČEŠI 2012";"JIH 12";1;"766";"JIH 12";"S"
767;"Strana rovných příležitostí";"Strana rovných příležitostí";"Strana rovných příležitostí";"SRP";1;"767";"SRP";"S"
768;"ANO 2011";"ANO 2011";"ANO 2011";"ANO";1;"768";"ANO";"S"
769;"Řád národa - Vlastenecká unie";"Řád národa - Vlastenecká unie";"Řád národa - Vlastenecká unie";"ŘN - VU";1;"769";"ŘN - VU";"S"
770;"VÝCHODOČEŠI";"VÝCHODOČEŠI";"VÝCHODOČEŠI";"VČ";1;"770";"VČ";"S"
771;"politické hnutí Změna";"politické hnutí Změna";"politické hnutí Změna";"Změna";1;"771";"Změna";"S"
772;"HOZK";"HOZK";"HOZK";"HOZK";1;"772";"HOZK";"S"
773;"Středočeši2012.cz";"Středočeši2012.cz";"Středočeši2012.cz";"S2012";1;"773";"S2012";"S"
774;"PRO";"PRO";"PRO";"PRO";1;"774";"PRO";"S"
775;"ZVUK 12";"ZVUK 12";"ZVUK 12";"ZVUK 12";1;"775";"ZVUK 12";"S"
776;"PATRIOTI";"PATRIOTI";"PATRIOTI";"PATRIOTI";1;"776";"PATRIOTI";"S"
777;"Strana Češi";"Strana Češi";"Strana Češi";"Češi";1;"777";"Češi";"S"
778;"za Morální Očistu Regionu";"za Morální Očistu Regionu";"za Morální Očistu Regionu";"M.O.R.";1;"778";"M.O.R.";"S"
779;"Starostové pro občany";"Starostové pro občany";"Starostové pro občany";"STO";1;"779";"STO";"S"
780;"Nová budoucnost pro Liberecký kraj";"Nová budoucnost pro Liberecký kraj";"Nová budoucn.pro Liberecký kr.";"NBPLK";1;"780";"NBPLK";"S"
781;"Volba lidu 21.století";"Volba lidu 21.století";"Volba lidu 21.století";"VL21";1;"781";"VL21";"S"
782;"Hnutí FAIR PLAY";"Hnutí FAIR PLAY";"Hnutí FAIR PLAY";"FairPlay";1;"782";"HnutiFairPlay.cz";"S"
783;"Česká strana selského rozumu";"Česká strana selského rozumu";"Česká strana selského rozumu";"Čssr";1;"783";"Čssr";"S"
784;"Zemští Demokraté";"Zemští Demokraté";"Zemští Demokraté";"ZEDEM";1;"784";"ZEDEM";"S"
785;"PRO Zdraví a Sport";"PRO Zdraví a Sport";"PRO Zdraví a Sport";"PRO ZS";1;"785";"PRO ZS";"S"
786;"Občanská sounáležitost";"Občanská sounáležitost";"Občanská sounáležitost";"OS";1;"786";"OS";"S"
787;"Sdružení nezávislých občanů Prahy";"Sdružení nezávislých občanů Prahy";"Sdruž.nezáv.občanů Prahy";"SNOP";1;"787";"SNOP";"S"
788;"Občané České republiky";"Občané České republiky";"Občané České republiky";"OČR";1;"788";"OČR";"S"
789;"Strana důchodců Františka Burdy";"Strana důchodců Františka Burdy";"Strana důchodců Frant.Burdy";"SDFB";1;"789";"SDFB";"S"
790;"Pardubice pro lidi";"Pardubice pro lidi";"Pardubice pro lidi";"PPL";1;"790";"PPL";"S"
791;"Pro Prahu";"Pro Prahu";"Pro Prahu";"HPP";1;"791";"HPP";"S"
792;"Úsvit - Národní Koalice";"Úsvit - Národní Koalice";"Úsvit - Národní Koalice";"Úsvit";1;"792";"Úsvit";"S"
793;"Nový směr";"Nový směr";"Nový směr";"NOS";1;"793";"NOS";"S"
794;"Romská demokratická strana";"Romská demokratická strana";"Romská demokratická strana";"RDS";1;"794";"RDS";"S"
795;"Liberálně ekologická strana";"Liberálně ekologická strana";"Liberálně ekologická strana";"LES";1;"795";"LES";"S"
796;"Ústečané";"Ústečané";"Ústečané";"Ú";1;"796";"Ú";"S"
797;"Zlín 21";"Zlín 21";"Zlín 21";"Z21";1;"797";"Z21";"S"
798;"Náš Prostějov";"Náš Prostějov";"Náš Prostějov";"NPV";1;"798";"NPV";"S"
799;"Naše Město F-M";"Naše Město F-M";"Naše Město F-M";"NMFM";1;"799";"NMFM";"S"
1001;"ANTIBURSÍK - STOP EKOTERORU !";"ANTIBURSÍK - STOP EKOTERORU !";"ANTIBURSÍK - STOP EKOTERORU !";"ABS";1;"1001";"ABS";"S"
1002;"Republika";"Republika";"Republika";"Republika";1;"1002";"Republika";"S"
1003;"Alternativa pro Plzeň";"Alternativa pro Plzeň";"Alternativa pro Plzeň";"APPlzeň.cz";1;"1003";"APPlzeň.cz";"S"
1004;"Patrioti České republiky";"Patrioti České republiky";"Patrioti České republiky";"Patrioti ČR";1;"1004";"Patrioti ČR";"S"
1005;"evropani.cz";"evropani.cz";"evropani.cz";"evropani";1;"1005";"evropani";"S"
1006;"Občanská konzervativní strana";"Občanská konzervativní strana";"Občanská konzervativní strana";"O.K. strana";1;"1006";"O.K. strana";"S"
1007;"Hnutí dobrých proměn";"Hnutí dobrých proměn";"Hnutí dobrých proměn";"HDP";1;"1007";"HDP";"S"
1008;"Pražané.cz";"Pražané.cz";"Pražané.cz";"Pražané";1;"1008";"Pražané";"S"
1009;"Jižní Město - náš domov";"Jižní Město - náš domov";"Jižní Město - náš domov";"JM-ND";1;"1009";"JM-ND";"S"
1010;"HNUTÍ SOCIÁLNĚ SLABÝCH";"HNUTÍ SOCIÁLNĚ SLABÝCH";"HNUTÍ SOCIÁLNĚ SLABÝCH";"HSS";1;"1010";"HSS";"S"
1011;"Toryové";"Toryové";"Toryové";"TOR";1;"1011";"TOR";"S"
1012;"ÚSTECKÉ FÓRUM OBČANŮ";"ÚSTECKÉ FÓRUM OBČANŮ";"ÚSTECKÉ FÓRUM OBČANŮ";"UFO";1;"1012";"UFO";"S"
1013;"Politické hnutí OBRODA";"Politické hnutí OBRODA";"Politické hnutí OBRODA";"Obroda";1;"1013";"Obroda";"S"
1014;"Občané pro Lochotín";"Občané pro Lochotín";"Občané pro Lochotín";"OPL";1;"1014";"OPL";"S"
1015;"Občanské hnutí Můj domov";"Občanské hnutí Můj domov";"Občanské hnutí Můj domov";"Můj domov";1;"1015";"Můj domov";"S"
1016;"HRADEČTÍ PATRIOTI strana pro sport, zdraví a kulturu";"HRADEČTÍ PATRIOTI strana pro sport,zdraví,kulturu";"HRADEČTÍ PATRIOTI";"HRAD.PATRIOTI";1;"1016";"HRADEČTÍ PATRIOTI";"S"
1017;"NOVÝ SEVER";"NOVÝ SEVER";"NOVÝ SEVER";"NS";1;"1017";"NS";"S"
1018;"Politické Hnutí Vítkovice";"Politické Hnutí Vítkovice";"Politické Hnutí Vítkovice";"PHV";1;"1018";"PHV";"S"
1019;"SPOLU";"SPOLU";"SPOLU";"SPOLU";1;"1019";"SPOLU";"S"
1020;"Pévéčko";"Pévéčko";"Pévéčko";"PV";1;"1020";"PV";"S"
1021;"Čisté Ústí";"Čisté Ústí";"Čisté Ústí";"ČÚNL";1;"1021";"ČÚNL";"S"
1022;"Občané patrioti";"Občané patrioti";"Občané patrioti";"OPAT";1;"1022";"OPAT";"S"
1023;"PATRIOT 2014";"PATRIOT 2014";"PATRIOT 2014";"PATRIOT 2014";1;"1023";"PATRIOT 2014";"S"
1024;"Otevřená radnice";"Otevřená radnice";"Otevřená radnice";"Hora 2014";1;"1024";"Hora 2014";"S"
1025;"Ta naše Třebíč";"Ta naše Třebíč";"Ta naše Třebíč";"TnT";1;"1025";"TnT";"S"
1026;""Žít Brno"";""Žít Brno"";""Žít Brno"";"ŽTB";1;"1026";"ŽTB";"S"
1027;"Ostravské fórum";"Ostravské fórum";"Ostravské fórum";"OF";1;"1027";"OF";"S"
1028;"Karlovaráci";"Karlovaráci";"Karlovaráci";"KVC";1;"1028";"KVC";"S"
1029;"Frýdečané a Místečané";"Frýdečané a Místečané";"Frýdečané a Místečané";"FraM";1;"1029";"FraM";"S"
1030;"Podpora občanů";"Podpora občanů";"Podpora občanů";"Podpora";1;"1030";"Podpora";"S"
1031;"Sdružení občanů Lesné";"Sdružení občanů Lesné";"Sdružení občanů Lesné";"SOL";1;"1031";"SOL";"S"
1032;"Mladoboleslavské hnutí nezávislých";"Mladoboleslavské hnutí nezávislých";"Mladoboleslavské hnutí nezáv.";"MBN";1;"1032";"MBN";"S"
1033;"Plzeň pro sport";"Plzeň pro sport";"Plzeň pro sport";"PPS";1;"1033";"PPS";"S"
1034;"Spravedlivá občanská společnost";"Spravedlivá občanská společnost";"Spravedlivá občanská společ.";"SPOS";1;"1034";"SPOS";"S"
1035;"SMĚR - česká cesta";"SMĚR - česká cesta";"SMĚR - česká cesta";"SMĚR - CS";1;"1035";"SMĚR - CS";"S"
1036;"Město pro vás";"Město pro vás";"Město pro vás";"MPV";1;"1036";"MPV";"S"
1037;"Karviňáci s Adámkem";"Karviňáci s Adámkem";"Karviňáci s Adámkem";"Karviňáci";1;"1037";"Karviňáci";"S"
1038;"Kozí alternativa";"Kozí alternativa";"Kozí alternativa";"KOZY";1;"1038";"KOZY";"S"
1039;"ProOlomouc";"ProOlomouc";"ProOlomouc";"ProOl";1;"1039";"ProOl";"S"
1040;"JIŘÍ STROBACH - náš starosta";"JIŘÍ STROBACH - náš starosta";"JIŘÍ STROBACH - náš starosta";"JSNS";1;"1040";"JSNS";"S"
1041;"Společnost proti developerské výstavbě v Prokopském údolí";"Společ. proti develop. výstavbě v Prokop. údolí";"Společ.proti výst.v Prok.údolí";"SPDV";1;"1041";"SPDV";"S"
1042;""Hnutí Praha-Kunratice"";""Hnutí Praha-Kunratice"";""Hnutí Praha-Kunratice"";""HPK"";1;"1042";""HPK"";"S"
1043;"NEZÁVISLÍ PRO PRAHU 10 - HNUTÍ PRO LEPŠÍ DESÍTKU";"NEZÁVISLÍ PRO PRAHU 10 - HNUTÍ PRO LEPŠÍ DESÍTKU";"NEZ.PRO P10-HNUTÍ PRO LEPŠÍ 10";"NPP10-HPLD";1;"1043";"NPP10-HPLD";"S"
1045;"Veřejné zájmy";"Veřejné zájmy";"Veřejné zájmy";"VZ";1;"1045";"VZ";"S"
1046;"OBČANÉ SPOLU - NEZÁVISLÍ";"OBČANÉ SPOLU - NEZÁVISLÍ";"OBČANÉ SPOLU - NEZÁVISLÍ";""OSN"";1;"1046";""OSN"";"S"
1047;"SPOLEHNUTÍ - SPOLEČNÉ HNUTÍ ČESKOLIPANŮ";"SPOLEHNUTÍ - SPOLEČNÉ HNUTÍ ČESKOLIPANŮ";"SPOLEHNUTÍ-SPOL.HN.ČESKOLIPANŮ";"SPOLEHNUTÍ";1;"1047";"SPOLEHNUTÍ";"S"
1048;"TŘINÁCTKA";"TŘINÁCTKA";"TŘINÁCTKA";""13tka"";1;"1048";""13tka"";"S"
1049;"Hradecký demokratický klub";"Hradecký demokratický klub";"Hradecký demokratický klub";"HDK";1;"1049";"HDK";"S"
1050;"Koalice KDU-ČSL a Z21";"Koalice KDU-ČSL a Z21";"Koalice KDU-ČSL a Z21";"KDU-ČSL+Z21";2;"001,797";"";"K"
1051;"RESTART";"RESTART";"RESTART";"RESTART";1;"1051";"RESTART";"S"
1052;"Alternativa pro Českou republiku 2017";"Alternativa pro Českou republiku 2017";"Alternativa pro Česk. rep.2017";"APAČI 2017";1;"1052";"APAČI 2017";"S"
1053;"Volyně v dolyně";"Volyně v dolyně";"Volyně v dolyně";"VvD";1;"1053";"VvD";"S"
1054;"Koalice Rozumní a SSD";"Koalice Rozumní a SSD";"Koalice Rozumní a SSD";"";2;"029,137";"";"K"
1055;"Šance pro Duchcov";"Šance pro Duchcov";"Šance pro Duchcov";"ŠpD";1;"1055";"ŠpD";"S"
1056;"Hnutí občanů Prahy";"Hnutí občanů Prahy";"Hnutí občanů Prahy";"HOP";1;"1056";"HOP";"S"
1057;"Koalice SZ a OMMO";"Koalice SZ a OMMO";"Koalice SZ a OMMO";"";2;"005,734";"";"K"
1058;"Koalice KDU-ČSL a TOP09";"Koalice KDU-ČSL a TOP09";"Koalice KDU-ČSL a TOP09";"";2;"001,721";"";"K"
1059;"Koalice ČS a PRO";"Koalice ČS a PRO";"Koalice ČS a PRO";"";2;"759,774";"";"K"
1060;"Koalice Piráti a Změna";"Koalice Piráti a Změna";"Koalice Piráti a Změna";"Piráti+Změna";2;"720,771";"";"K"
1061;"DOMA";"DOMA";"DOMA";"DOMA";1;"1061";"DOMA";"S"
1062;"Pro regiony občanům";"Pro regiony občanům";"Pro regiony občanům";"Hnutí PROČ";1;"1062";"Hnutní PROČ";"S"
1063;"Moderní společnost";"Moderní společnost";"Moderní společnost";"MODES";1;"1063";"MODES";"S"
1064;"Solidarita, Vlast a Zákon";"Solidarita, Vlast a Zákon";"Solidarita, Vlast a Zákon";"SVAZ";1;"1064";"SVAZ";"S"
1065;"PROZMĚNU";"PROZMĚNU";"PROZMĚNU";"PZ";1;"1065";"PZ";"S"
1066;"Koalice Piráti a SZ";"Koalice Piráti a SZ";"Koalice Piráti a SZ";"Piráti+SZ";2;"005,720";"";"K"
1067;"Koalice SZ a Moravané";"Koalice SZ a Moravané";"Koalice SZ a Moravané";"";2;"005,083";"";"K"
1068;"Koalice SZ, NV, Piráti, Změna";"Koalice SZ, NV, Piráti, Změna";"Koalice SZ, NV, Piráti, Změna";"";4;"005,163,720,771";"";"K"
1069;"Koalice KDU-ČSL, SZ, STAN";"Koalice KDU-ČSL, SZ, STAN";"Koalice KDU-ČSL, SZ, STAN";"";3;"001,005,166";"";"K"
1070;"Koalice Svobodní a PRO";"Koalice Svobodní a PRO";"Koalice Svobodní a PRO";"";2;"714,774";"";"K"
1071;"Koalice VpMB a ANO 2011";"Koalice VpMB a ANO 2011";"Koalice VpMB a ANO 2011";"";2;"193,768";"";"K"
1072;"Koalice ND, DSSS, SPE";"Koalice ND, DSSS, SPE";"Koalice ND, DSSS, SPE";"";3;"079,156,761";"";"K"
1073;"Koalice SsČR a PPL";"Koalice SsČR a PPL";"Koalice SsČR a PPL";"";2;"716,790";"";"K"
1074;"Koalice KDU-ČSL, SZ, TOP 09";"Koalice KDU-ČSL, SZ, TOP 09";"Koalice KDU-ČSL, SZ, TOP 09";"";3;"001,005,721";"";"K"
1075;"Koalice KDU-ČSL a HPP";"Koalice KDU-ČSL a HPP";"Koalice KDU-ČSL a HPP";"";2;"001,791";"";"K"
1076;"Koalice DPD a HPP";"Koalice DPD a HPP";"Koalice DPD a HPP";"";2;"750,791";"";"K"
1077;"Koalice KDU-ČSL, SZ, HNHRM a B10.cz";"Koalice KDU-ČSL, SZ, HNHRM a B10.cz";"Koal. KDU-ČSL,SZ,HNHRM,B10.cz";"KDU+SZ+HNHR+B10";4;"001,005,112,747";"";"K"
1078;"Koalice ČSNS a ČSNS2005";"Koalice ČSNS a ČSNS2005";"Koalice ČSNS a ČSNS2005";"";2;"002,175";"";"K"
1079;"Koalice SZ, KH, Piráti a Změna";"Koalice SZ, KH, Piráti a Změna";"Koalice SZ, KH, Piráti a Změna";"";4;"005,199,720,771";"";"K"
1080;"Koalice SZ, Piráti a Změna";"Koalice SZ, Piráti a Změna";"Koalice SZ, Piráti a Změna";"Pro otevř. kraj";3;"005,720,771";"";"K"
1081;"Koalice SNK ED a Změna";"Koalice SNK ED a Změna";"Koalice SNK ED a Změna";"";2;"129,771";"";"K"
1082;"Koalice KDU-ČSL a KONS";"Koalice KDU-ČSL a KONS";"Koalice KDU-ČSL a KONS";"";2;"001,024";"";"K"
1083;"Koalice SZSP a PSZ";"Koalice SZSP a PSZ";"Koalice SZSP a PSZ";"";2;"142,785";"";"K"
1084;"Sdružení SZ, STAN, Piráti, Změna, NK";"Sdružení SZ, STAN, Piráti, Změna, NK";"Sdruž. SZ,STAN,Piráti,Změna,NK";"";5;"005,080,166,720,771";"";"D"
1085;"Koalice Svobodní a TOP 09";"Koalice Svobodní a TOP 09";"Koalice Svobodní a TOP 09";"";2;"714,721";"";"K"
1086;"Koalice KDU-ČSL a ZVUK 12";"Koalice KDU-ČSL a ZVUK 12";"Koalice KDU-ČSL a ZVUK 12";"";2;"001,775";"";"K"
1087;"Koalice ND a DSSS";"Koalice ND a DSSS";"Koalice ND a DSSS";"";2;"079,156";"";"K"
1088;"Koalice "JIH 12" a PSZ";"Koalice "JIH 12" a PSZ";"Koalice "JIH 12" a PSZ";"";2;"766,785";"";"K"
1089;"Koalice ND a ČHNJ";"Koalice ND a ČHNJ";"Koalice ND a ČHNJ";"";2;"079,123";"";"K"
1090;"Koalice Úsvit a Hora 2014";"Koalice Úsvit a Hora 2014";"Koalice Úsvit a Hora 2014";"Úsvit+Hora 2014";2;"792,1024";"";"K"
1091;"Koalice KDU-ČSL, SZ, Piráti a OCJJ";"Koalice KDU-ČSL, SZ, Piráti a OCJJ";"Koalice KDU-ČSL,SZ,Piráti,OCJJ";"";4;"001,005,720,743";"";"K"
1092;"Koalice ODS a KČ";"Koalice ODS a KČ";"Koalice ODS a KČ";"ODS+KČ";2;"053,055";"";"K"
1093;"Koalice SZ a TOP 09";"Koalice SZ a TOP 09";"Koalice SZ a TOP 09";"SZ+TOP09";2;"005,721";"";"K"
1094;"Koalice KDU-ČSL a LES";"Koalice KDU-ČSL a LES";"Koalice KDU-ČSL a LES";"KDU-ČSL+LES";2;"001,795";"";"K"
1095;"Koalice KDU-ČSL a PSS";"Koalice KDU-ČSL a PSS";"Koalice KDU-ČSL a PSS";"";2;"001,188";"";"K"
1096;"Koalice KONS, VV a Republika";"Koalice KONS, VV a Republika";"Koalice KONS, VV a Republika";"";3;"024,144,1002";"";"K"
1097;"Koalice SZ, KONS, SNK ED";"Koalice SZ, KONS, SNK ED";"Koalice SZ, KONS, SNK ED";"";3;"005,024,129";"";"K"
1098;"Koalice Moravané, LEV 21";"Koalice Moravané, LEV 21";"Koalice Moravané, LEV 21";"Moravané+LEV 21";2;"083,764";"";"K"
1099;"Koalice VV, Úsvit a Hora 2014";"Koalice VV, Úsvit a Hora 2014";"Koalice VV, Úsvit a Hora 2014";"";3;"144,792,1024";"";"K"
1100;"Koalice SZ, Piráti a B10.cz";"Koalice SZ, Piráti a B10.cz";"Koalice SZ, Piráti a B10.cz";"";3;"005,720,747";"";"K"
1101;"Koalice ODS a Svobodní";"Koalice ODS a Svobodní";"Koalice ODS a Svobodní";"";2;"053,714";"";"K"
1102;"Úsvit s Blokem proti islamizaci";"Koalice DOMOV s BPi,Úsvit";"Koalice DOMOV s BPi,Úsvit";"DOMOVsBPi,Úsvit";2;"155,792";"";"K"
1103;"Koalice KDU-ČSL, SZ, SNK ED";"Koalice KDU-ČSL, SZ, SNK ED";"Koalice KDU-ČSL, SZ, SNK ED";"KDUČSL+SZ+SNKED";3;"001,005,129";"";"K"
1104;"Koalice KDU-ČSL, IO a STAN";"Koalice KDU-ČSL, IO a STAN";"Koalice KDU-ČSL, IO a STAN";"";3;"001,086,166";"";"K"
1105;"Koalice ODS a PSZ";"Koalice ODS a PSZ";"Koalice ODS a PSZ";"";2;"053,785";"";"K"
1106;"Koalice VV a Hora 2014";"Koalice VV a Hora 2014";"Koalice VV a Hora 2014";"";2;"144,1024";"";"K"
1107;"Koalice ČS a Úsvit";"Koalice ČS a Úsvit";"Koalice ČS a Úsvit";"";2;"759,792";"";"K"
1108;"Sdružení SVAZ, NK";"Sdružení SVAZ, NK";"Sdružení SVAZ, NK";"";2;"080,1064";"";"D"
1109;"Sdružení Piráti, Změna, NK";"Sdružení Piráti, Změna, NK";"Sdružení Piráti, Změna, NK";"";3;"080,720,771";"";"D"
1110;"Sdružení Jundrováci, NK";"Sdružení Jundrováci, NK";"Sdružení Jundrováci, NK";"";2;"080,738";"";"D"
1111;"KOMUNISTICKÁ STRANA ČESKÁ 21";"KOMUNISTICKÁ STRANA ČESKÁ 21";"KOMUNISTICKÁ STRANA ČESKÁ 21";"KSČ 21";1;"1111";"KSČ 21";"S"
1112;"PRO občané";"PRO občané";"PRO občané";"HPO";1;"1112";"HPO";"S"
1113;"Národní zájmy";"Národní zájmy";"Národní zájmy";"NZ";1;"1113";"NZ";"S"
1114;"Svoboda a přímá demokracie - Tomio Okamura (SPD)";"Svoboda a přímá demokracie - Tomio Okamura (SPD)";"Svob.a př.dem.-T.Okamura (SPD)";"SPD";1;"1114";"SPD";"S"
1115;"PRO - Poctivě Rozumně Odpovědně";"PRO - Poctivě Rozumně Odpovědně";"PRO-Poctivě Rozumně Odpovědně";"PROP";1;"1115";"PROP";"S"
1116;"Národ Sobě";"Národ Sobě";"Národ Sobě";"NáS";1;"1116";"NáS";"S"
1117;"HNUTÍ OSOBNOSTÍ KRAJE";"HNUTÍ OSOBNOSTÍ KRAJE";"HNUTÍ OSOBNOSTÍ KRAJE";"HOK";1;"1117";"HOK";"S"
1118;"VOK - Volba pro Karlovarský kraj";"VOK - Volba pro Karlovarský kraj";"VOK-Volba pro Karlovarský kraj";"VOK";1;"1118";"VOK";"S"
1119;"Agrární demokratická strana";"Agrární demokratická strana";"Agrární demokratická strana";"ADS";1;"1119";"ADS";"S"
1120;"Česká národní fronta";"Česká národní fronta";"Česká národní fronta";"ČNF";1;"1120";"ČNF";"S"
1121;"Slušní lidé";"Slušní lidé";"Slušní lidé";"SL";1;"1121";"SL";"S"
1122;"PRO! Ústecký kraj";"PRO! Ústecký kraj";"PRO! Ústecký kraj";"PRO! ÚK";1;"1122";"PRO! ÚK";"S"
1123;"Změna pro lidi";"Změna pro lidi";"Změna pro lidi";"ZpL";1;"1123";"ZpL";"S"
1124;"KOMUNISTICKÁ STRANA ČECH, MORAVY A SLEZSKA";"KOMUNISTICKÁ STRANA ČECH, MORAVY A SLEZSKA";"KOMUN.STR.ČECH,MORAVY,SLEZSKA";"KSČMS";1;"1124";"KSČMS";"S"
1125;"Sdružení pro republiku - Republikánská strana Československa Miroslava Sládka";"Sdružení pro republiku-Republ.str.Českosl.M.Sládka";"SPR-Republ.str.Čsl. M.Sládka";"SPRRSČ M.Sládka";1;"1125";"SPR-RSČ Miroslava Sládka";"S"
1126;"JsmePRO! Kraj 2016";"JsmePRO! Kraj 2016";"JsmePRO! Kraj 2016";"JsmePRO!";1;"1126";"JsmePRO!";"S"
1127;"Dobrá volba 2016";"Dobrá volba 2016";"Dobrá volba 2016";"DV 2016";1;"1127";"DV 2016";"S"
1128;"Vaše Ústí";"Vaše Ústí";"Vaše Ústí";"VÚ";1;"1128";"VÚ";"S"
1129;"Sdružení nezávislých kandidátů 1";"Sdružení nezávislých kandidátů 1";"Sdružení nezávis. kandidátů 1";"SNK1";1;"1129";"SNK1";"S"
1130;"Svoboda a síla";"Svoboda a síla";"Svoboda a síla";"SaS";1;"1130";"SaS";"S"
1131;"ALTERNATIVA PRO ČESKOU POLITIKU";"ALTERNATIVA PRO ČESKOU POLITIKU";"ALTERNATIVA PRO ČESK. POLITIKU";"A";1;"1131";"A";"S"
1132;"Alternativa pro Česko";"Alternativa pro Česko";"Alternativa pro Česko";"APČ";1;"1132";"APČ";"S"
1133;"JIHOČEŠTÍ HASIČI";"JIHOČEŠTÍ HASIČI";"JIHOČEŠTÍ HASIČI";"JHas";1;"1133";"JHas";"S"
1134;"Politické hnutí PRO 2016";"Politické hnutí PRO 2016";"Politické hnutí PRO 2016";"PRO2016";1;"1134";"PRO2016";"S"
1135;"NOVÁ GENERACE";"NOVÁ GENERACE";"NOVÁ GENERACE";"NG";1;"1135";"NG";"S"
1136;"OBČANÉ PRO OLOMOUCKÝ KRAJ - volba OK";"OBČANÉ PRO OLOMOUCKÝ KRAJ - volba OK";"OBČ. PRO OLOMOUC.KRAJ-volba OK";"VOLK";1;"1136";"VOLK";"S"
1137;"NE ILEGÁLNÍ IMIGRACI - PENÍZE RADĚJI PRO NAŠE LIDI";"Koalice ČSNS, Rozumní, ČSNS2005 a DSZ";"ČSNS,Rozumní,ČSNS2005 a DSZ";"ČSNSRozČSNS5DSZ";4;"002,137,175,715";"";"K"
1138;"Koalice Svoboda a přímá demokracie - Tomio Okamura (SPD) a Strana Práv Občanů";"Koalice SPO, SPD";"Koalice SPO, SPD";"SPD + SPO";2;"724,1114";"";"K"
1139;"Ilegálním imigrantům NE - peníze raději pro naše děti";"Koalice HOZK,Patrioti ČR,SPR-RSČ M. Sládka";"HOZK,Patrioti,SPR-RSČ M.Sládka";"SPR-RSČPatrHOZK";3;"772,1004,1125";"";"K"
1140;"STAROSTOVÉ A NEZÁVISLÍ (STAN) s podporou KOA, KDU-ČSL a TOP 09";"Koalice KDU-ČSL,STAN,KOA,TOP09";"Koalice KDU-ČSL,STAN,KOA,TOP09";"STANKOAKDUTOP09";4;"001,166,182,721";"";"K"
1141;"Svobodní a Soukromníci";"Koalice Svobodní,SsČR";"Koalice Svobodní,SsČR";"Svobodní+SsČR";2;"714,716";"";"K"
1142;"Koalice pro Královéhradecký kraj";"Koalice KDU-ČSL, VPM, HDK";"Koalice KDU-ČSL, VPM, HDK";"Koalice pro KHK";3;"001,113,1049";"";"K"
1143;"NEZÁVISLÍ KANDIDÁTI DO SENÁTU";"NEZÁVISLÍ KANDIDÁTI DO SENÁTU";"NEZÁVISLÍ KANDIDÁTI DO SENÁTU";"NSK";1;"1143";"NSK";"S"
1144;"Starostové pro Jižní Moravu";"Koalice SOM, STAN";"Koalice SOM, STAN";"STAN+SOM";2;"158,166";"";"K"
1145;"PRO JIŽNÍ ČECHY - Starostové, HOPB a TOP 09";"Koalice STAN, TOP 09, HOPB";"Koalice STAN, TOP 09, HOPB";"STAN+HOPB+TOP09";3;"166,721,753";"";"K"
1146;"Starostové ProOlomoucký kraj";"Koalice STAN, ProOl";"Koalice STAN, ProOl";"STAN+ProOl";2;"166,1039";"";"K"
1147;"Kos do Senátu - Koalice Hnutí pro Prahu 11, KDU-ČSL, Pirátů a Strany zelených s podporou sdružení Patnáctka náš domov";"Koalice KDU-ČSL, SZ, HPP 11, Piráti";"Koal. KDU-ČSL,SZ,HPP 11,Piráti";"KDUSZ+HPP11+Pir";4;"001,005,195,720";"";"K"
1148;"Občanská demokratická strana a Moravané";"Koalice ODS, Moravané";"Koalice ODS, Moravané";"ODS+Moravané";2;"053,083";"";"K"
1149;"Budoucnost pro Liberecký kraj";"Koalice KDU-ČSL, NBPLK";"Koalice KDU-ČSL, NBPLK";"Budoucn.pro LBK";2;"001,780";"";"K"
1150;"Starostové a Patrioti s podporou Svobodných a Soukromníků";"Koalice STAN, Svobodní, SsČR, OPAT";"Koal. STAN,Svobodní,SsČR,OPAT";"STANPatrSvobSs";4;"166,714,716,1022";"";"K"
1151;"Koalice KDU-ČSL, SZ, Nestran.";"Koalice KDU-ČSL, SZ, Nestran.";"Koalice KDU-ČSL, SZ, Nestran.";"KDU-ČSL+SZ+Nest";3;"001,005,181";"";"K"
1152;"Starostové PRO VYSOČINU";"Koalice SNK ED, STAN";"Koalice SNK ED, STAN";"STAN+SNK ED";2;"129,166";"";"K"
1153;"STAROSTOVÉ A VÝCHODOČEŠI";"Koalice STAN, VČ";"Koalice STAN, VČ";"STAN+VČ";2;"166,770";"";"K"
1154;""Občanská demokratická strana a strana soukromníků České republiky"";"Koalice ODS, SsČR";"Koalice ODS, SsČR";"ODS+SsČR";2;"053,716";"";"K"
1155;"Občanská demokratická strana, Starostové pro občany, SNK Evropští demokraté, Strana soukromníků ČR";"Koalice ODS, SNK ED, SsČR, STO";"Koalice ODS, SNK ED, SsČR, STO";"ODSSNKEDSsČRSTO";4;"053,129,716,779";"";"K"
1156;"CHMELOVÁ DO SENÁTU - VLASTA: občané Prahy 10, KDU-ČSL a LES s podporou Pirátů a Desítky pro domácí";"Koalice KDU-ČSL, Piráti, DPD, LES";"Koalice KDU-ČSL,Piráti,DPD,LES";"KDU+Pir+DPD+LES";4;"001,720,750,795";"";"K"
1157;"ZMĚNA pro Vysočinu";"Koalice NEZ, Změna";"Koalice NEZ, Změna";"NEZ+Změna";2;"088,771";"";"K"
1158;"NEZÁVISLÍ a MORAVANÉ";"Koalice Moravané, NEZ";"Koalice Moravané, NEZ";"NEZ+Moravané";2;"083,088";"";"K"
1159;"Koalice hnutí TÁBOR 2020 a STAROSTOVÉ A NEZÁVISLÍ";"Koalice T2020, STAN";"Koalice T2020, STAN";"T2020+STAN";2;"136,166";"";"K"
1160;"Ústečan do Senátu - koalice Strany zelených, Pirátů a JsmePRO! Kraj 2016";"Koalice SZ, Piráti, JsmePRO!";"Koalice SZ, Piráti, JsmePRO!";"SZPirátiJsmePRO";3;"005,720,1126";"";"K"
1161;"Dělnická strana sociální spravedlnosti - NE imigrantům, PROTI nepřizpůsobivým, PRO pořádek!";"Koalice DSSS, NF, NÁR.SOC., ČÚNL";"Koalice DSSS,NF,NÁR.SOC.,ČÚNL";"DSSSNFNSocČÚNL";4;"156,761,764,1021";"";"K"
1162;"TOP 09 s podporou starostů a "Žít Brno"";"Koalice TOP 09, ŽTB";"Koalice TOP 09, ŽTB";"TOP09+ŽTB";2;"721,1026";"";"K"
1163;"TOP 09, Strana zelených a Žít Brno";"Koalice SZ, TOP 09, ŽTB";"Koalice SZ, TOP 09, ŽTB";"SZ+TOP09+ŽTB";3;"005,721,1026";"";"K"
1164;"Koalice STAN, SLK";"Koalice STAN, SLK";"Koalice STAN, SLK";"STAN+SLK";2;"166,703";"";"K"
1165;"Starostové a Sportovci pro Ústecký kraj";"Koalice SNK ED, Starostové za ÚK, PRO ZS";"SNK ED, Starost. za ÚK, PRO ZS";"Star.SportProÚK";3;"129,142,785";"";"K"
1166;"Naše Pardubice";"Koalice HnutíFairPlay.cz, SPDV";"Koalice HnutíFairPlay.cz, SPDV";"Naše Pardubice";2;"782,1041";"";"K"
1167;"VÝCHODOČEŠI,NEZÁVISLÍ,PATRIOTI";"Koalice NEZ, ČSR, PATRIOTI";"Koalice NEZ, ČSR, PATRIOTI";"PATRIOT+NEZ+ČSR";3;"088,756,776";"";"K"
1168;"Koalice Republikánů Miroslava Sládka, Patriotů České republiky, HOZK a Nového směru";"Koalice HOZK, NOS, Patrioti ČR, SPRRSČ M. Sládka";"HOZK,NOS,Pat.ČR,SPRRSČ M.Slád.";"RepMSPatrNSHOZK";4;"772,793,1004,1125";"";"K"
1169;""Starostové a nezávislí"";"Koalice STAN, Ostravak";"Koalice STAN, Ostravak";"STAN+Ostravak";2;"166,755";"";"K"
1170;"OSOBNOSTI PARDUBICKÉHO KRAJE";"Koalice SPO, PPL, HOK";"Koalice SPO, PPL, HOK";"OSOB. PAK";3;"724,790,1117";"";"K"
1171;"Svobodní, ODS a Soukromníci";"Koalice ODS, Svobodní, SsČR";"Koalice ODS, Svobodní, SsČR";"ODS+Svob+SsČR";3;"053,714,716";"";"K"
1172;"Evolution-Mind";"Evolution-Mind";"Evolution-Mind";"EM";1;"1172";"EM";"S"
1173;"Občanská demokratická aliance";"Občanská demokratická aliance";"Občanská demokratická aliance";"ODA";1;"1173";"ODA";"S"
1174;"PLUS";"PLUS";"PLUS";"PLUS";1;"1174";"PLUS";"S"
1175;"SeverníČechy.cz";"SeverníČechy.cz";"SeverníČechy.cz";"SČ.cz";1;"1175";"SČ.cz";"S"
1176;"REALISTÉ";"REALISTÉ";"REALISTÉ";"REAL";1;"1176";"REAL";"S"
1177;"CESTA ODPOVĚDNÉ SPOLEČNOSTI";"CESTA ODPOVĚDNÉ SPOLEČNOSTI";"CESTA ODPOVĚDNÉ SPOLEČNOSTI";"CESTA";1;"1177";"CESTA";"S"
1178;"Referendum o Evropské unii";"Referendum o Evropské unii";"Referendum o Evropské unii";"Referendum o EU";1;"1178";"Referendum o EU";"S"
1179;"BEZPEČNOST, ODPOVĚDNOST, SOLIDARITA";"BEZPEČNOST, ODPOVĚDNOST, SOLIDARITA";"BEZPEČNOST,ODPOVĚDNOST,SOLID.";"BOS";1;"1179";"BOS";"S"
1180;"5 % pro vzdělávání";"5 % pro vzdělávání";"5 % pro vzdělávání";"5 %";1;"1180";"5 %";"S"
1181;"Občané za spokojené bydlení";"Občané za spokojené bydlení";"Občané za spokojené bydlení";"OSB";1;"1181";"OSB";"S"
1182;"SPORTOVCI";"SPORTOVCI";"SPORTOVCI";"SPORTOVCI";1;"1182";"SPORTOVCI";"S"
1183;"Unie Hrdosti, Aktivity, Vlastenectví, Empatie a Lidskosti 2017";"Unie Hrdosti,Aktivity,Vlastenectví,Emp.,Lidsk.2017";"Unie H.A.V.E.L.";"Unie H.A.V.E.L.";1;"1183";"Unie H.A.V.E.L.";"S"
1184;"Radostné Česko";"Radostné Česko";"Radostné Česko";"RČ";1;"1184";"RČ";"S"
1185;"Tak jo!";"Tak jo!";"Tak jo!";"TJ.";1;"1185";"TJ.";"S"
